ImageName,ImageTitle
des_ades_kids_vis19_drzn_200ml_4.jpg,Bebida base de soya AdeS con jugo de durazno 200 ml
des_ades_kids_vis19_mango_200ml_4.jpg,Bebida base de soya AdeS con jugo de mango 200 ml
7501005114509_0.jpg,Bebida base de soya AdeS con jugo de manzana 200 ml
ps-ades-manzana-946ml-carton_2_5.jpg,Bebida base de soya AdeS con jugo de manzana 946 ml
163559.png,Bebida base de soya AdeS 946 ml
7501005102728_0.jpg,Bebida base de soya AdeS 946 ml
coca-cola_caf_espresso_235ml_2.jpg,Refresco Coca-Cola con Café Espresso 235 ml
coca-cola-light-lata-235ml.png,Refresco Coca-Cola Light 235 ml
screenshot_157__1_2.png,Refresco Coca-Cola Light 1.5 L
coca-cola-light-pnr-1l.png,Refresco Coca-Cola Light 1 L
coca-cola-light-pnr-2.5l.png,Refresco Coca-Cola Light 2.5 L
coca-cola-light-pnr-2l.png,Refresco Coca-Cola Light 2 L
coca-cola-light-pnr-600ml.png,Refresco Coca-Cola Light 600 ml
225_coca-cola-light-235-ml-botella-vidrio-6p_6.jpg,Refresco Coca-Cola Light 235 ml
coca-cola-light-vidrio-355ml.png,Refresco Coca-Cola Light 355 ml Retornable
cceth-669-productshots__0006_cocacola_light_3_3.png,Refresco Coca-Cola Light 500 ml Retornable
232_coca-cola-light-sin-cafeina-600-ml-botella-pet-12p_2.jpg,Refresco Coca-Cola Light sin Cafeína 600 ml
coca-cola-original-lata-235ml_2.jpg,Refresco Coca-Cola 235 ml
167188.png,Refresco Coca-Cola 355 ml
163358.png,Refresco Coca-Cola 355 ml
coca-cola-original-lata-355ml.png,Refresco Coca-Cola 355 ml
coca-cola-original-pnr-1.25l.png,Refresco Coca-Cola 1.25 L
coca-cola-original-pnr-1.75l.png,Refresco Coca-Cola 1.75 L
163810.png,Refresco Coca-Cola 2.5 L
coca-cola-original-pnr-2.5l.png,Refresco Coca-Cola 2.5 L
163948.png,Refresco Coca-Cola 2.5 L
coca-cola-original-pnr-2l.png,Refresco Coca-Cola 2 L
coca-cola-original-pnr-355ml.png,Refresco Coca-Cola 355 ml
167334.png,Refresco Coca-Cola 355 ml
164969.png,Refresco Coca-Cola 3 L
163805_1.png,Refresco Coca-Cola 3 L
7501055372126_0.jpg,Refresco Coca-Cola 3 L
165969_1.png,Refresco Coca-Cola 600 ml
ccoma_600ml_pnr_1000x1000_2_5_1.jpg,Refresco Coca-Cola 600 ml
167005.png,Refresco Coca-Cola 600 ml
7501055355587_0.jpg,Refresco Coca-Cola 235 ml
converted_1__1_3.png,Refresco Coca-Cola 1.5 L Retornable
cceth_0073_coca-cola-2.5l-botella-pet-retornable_1_6.png,Refresco Coca-Cola 2.5 L Retornable
coca-cola-original-vidrio-355ml.png,Refresco Coca-Cola 355 ml Retornable
coca-cola-original-vidrio-500ml.png,Refresco Coca-Cola 500 ml Retornable
ccsa_235ml_leancan_1000x1000_5_3.png,Coca-Cola Sin Azúcar 235ml
coca-cola-sin-azucar-lata-355ml-2.png,Refresco Coca-Cola Sin Azúcar 355 ml
coca-cola-sin-azucar-pnr-1.5l.png,Refresco Coca-Cola Sin Azúcar 1.5 L
coca-cola-sin-azucar-pnr-2.5l.png,Refresco Coca-Cola Sin Azúcar 2.5 L
163897.png,Refresco Coca-Cola Sin Azúcar 2.5 L
163378_1_1.png,Refresco Coca-Cola Sin Azúcar 600 ml
coca-cola-sin-azucar-pnr-600ml.png,Refresco Coca-Cola Sin Azúcar 600 ml
163379.png,Refresco Coca-Cola Sin Azúcar 600 ml
converted-2_3.png,Refresco Coca-Cola Sin Azúcar 355 ml Retornable
cmx-90_product_shots_variety-packs_04_1_2.jpg,Refresco Coca-Cola Sin Azúcar 500 ml Retornable
89_ciel-purificada-1.5-l-botella-pet_4.jpg,Agua Purificada Ciel 1.5 L
750105531088_-_ciel_1lt_pet_4_1.png,Agua Purificada Ciel 1 L
96_ciel-purificada-355-ml-botella-pet-12p_6_1.jpg,Agua Purificada Ciel 355 ml
7501055310487_0.jpg,Agua Purificada Ciel Bidón de 5 L
103_ciel-purificada-600-ml-botella-pet_6.jpg,Agua Purificada Ciel 600 ml
93_ciel-purificada-20-l-botella-pet-1p_5.jpg,Agua Purificada Ciel Garrafón de 20 L Retornable
ciel-exprim-fresa-1.5-l-botella-pet_5.jpg,Agua Ciel Exprim Fresa 1.5 L
39_ciel-exprim-fresa-1-l-botella-pet_5.jpg,Agua Ciel Exprim Fresa 1 L
45_ciel-exprim-jamaica-reposada-1.5-l-botella-pet_5.jpg,Agua Ciel Exprim Jamaica 1.5 L
47_ciel-exprim-limon-1.5-l-pet-4p_4.jpg,Agua Ciel Exprim Limón 1.5 L
750105535246---exprim-limon-1lt-pet_4.jpg,Agua Ciel Exprim Limón 1 L
ciel_xprim_vis2017_pepino_pina_pet1ml_seco_3_1_6.jpg,Agua Ciel Exprim Pepino Piña 1L
525_jugo-del-valle-nectar-durazno-335-ml-lata_3.jpg,Néctar Del Valle Sabor Durazno 335 ml
durazno_300_3.jpg,Néctar Del Valle Sabor Durazno 453 ml
524_jugo-del-valle-nectar-durazno-250-ml-tetra-brik-carton-10p_4.jpg,Néctar Del Valle Sabor Durazno 250 ml
750105533385_0.jpg,Néctar Del Valle Sabor Durazno 1 L
7501055356928_0.jpg,Néctar Del Valle Sabor Durazno 237 ml
60339079-ecbe-48b0-ad7a-a817010a1fb1-1_1_2.png,Néctar Del Valle Sabor Durazno 500 ml
32239052017_0.jpg,Néctar Del Valle Sabor Durazno 413 ml
jdv_vis2017_guayaba_453ml_lata_seco_2.jpg,Néctar Del Valle Sabor Guayaba 453 ml
ps-delvalle-guayaba-413ml-vidrio_3.png,Néctar Del Valle Sabor Guayaba 413 ml
530_jugo-del-valle-nectar-mango-335-ml-lata_1_2.jpg,Néctar Del Valle Sabor Mango 355 ml
jdv_vis2017_mango_453ml_lata_seco_2.jpg,Néctar Del Valle Sabor Mango 453 ml
del_valle_nectar_mango_250ml-min_4.jpg,Néctar Del Valle Sabor Mango 250 ml
253_del-valle-mango-1-l-botella-pet-6p_1_3.jpg,Néctar Del Valle Sabor Mango 1 L
7501055333844_0.jpg,Néctar Del Valle Sabor Mango 1 L
200a49d3-7757-4824-8ee6-a817010a1d3d-1_3.png,Néctar Del Valle Sabor Mango 500 ml
32239052000_0.jpg,Néctar Del Valle Sabor Mango 413 ml
7501055330683_0.jpg,Bebida Del Valle Frut con jugo Sabor Cítricos 600 ml
dv_dv_nada_vis18_limon_1.5l_prop_seco_1__3.jpg,Agua Mineralizada Del Valle Limón&Nada 1.5 L
dv_dv_nada_vis18_naranja_1.5l_prop_seco_1_-min_1_3.jpg,Agua Mineralizada Del Valle Naranja&Nada 1.5 L
371_del-valle-naranja-nada-naranja-600-ml-botella-pet-12p_1_1_4.jpg,Agua Mineralizada Del Valle Naranja&Nada 600 ml
4f957813-fc81-47b1-ad9b-a807011ed98c-1_2.png,Del Valle Pulpy Naranja con trocitos de fruta 400 ml
7501055367443_0.jpg,Del Valle Pulpy Sábila con trocitos de fruta 400 ml
fanta_lata_355_lean_1.jpg,Refresco Fanta Sabor Naranja 355 ml
fanta-naranja-pnr-2.5l.png,Refresco Fanta Sabor Naranja 2.5 L
fanta-naranja-pnr-2l.png,Refresco Fanta Sabor Naranja 2 L
164867.png,Refresco Fanta Sabor Naranja 2 L
fanta-naranja-pnr-3l.png,Refresco Fanta Sabor Naranja 3 L
164867.png,Refresco Fanta Sabor Naranja 3 L
396_fanta-naranja-500-ml-botella-pet_2.jpg,Refresco Fanta Sabor Naranja 500 ml
167019.png,Refresco Fanta Sabor Naranja 600 ml
fanta_naranja_2.5l_pet_ret_1_-min_2.jpg,Refresco Fanta Sabor Naranja 2.5 L Retornable
fanta-naranja-vr-355ml.png,Refresco Fanta Sabor Naranja 355 ml Retornable
fanta-naranja-vr-500ml.png,Refresco Fanta Sabor Naranja 500 ml Retornable
fre_2018_sleek_can_355ml_seca_1_-min_2_2.jpg,Refresco Fresca Sabor Toronja 355 ml
163251_1.png,Refresco Fresca Sabor Toronja 1.5 L
fresca-toronja-pnr-1.5l.png,Refresco Fresca Sabor Toronja 1.5 L
164930_1.png,Refresco Fresca Sabor Toronja 2.5 L
fresca-toronja-pnr-2.5l.png,Refresco Fresca Sabor Toronja 2.5 L
fresca-toronja-pnr-3l.png,Refresco Fresca Sabor Toronja 3 L
163608.png,Refresco Fresca Sabor Toronja 3 L
fresca-toronja-pnr-600ml_1_1.png,Refresco Fresca Sabor Toronja 600 ml
164947.png,Refresco Fresca Sabor Toronja 600 ml
fresca-toronja-vr-355ml.png,Refresco Fresca Sabor Toronja 355 ml Retornable
komx_frutsi_250ml_manzana_2.jpg,Bebida Frutsi Sabor Manzana 250 ml
75001988_0.jpg,Bebida Frutsi Sabor Ponche de Frutas 250 ml
komx_frutsi_250ml_uva_1_2.jpg,Bebida Frutsi Sabor Uva 250 ml
458_fuze-tea-te-negro-con-durazno-600-ml-botella-pet-6p_4.jpg,Fuze Tea Sabor Té  Durazno 600ml
converted_9__1_3.png,Té Negro Fuze Tea Sabor Frutos Rojos 600 ml
461_fuze-tea-te-negro-con-limon-600-ml-botella-pet_2.jpg,Té Negro Fuze Tea Sabor Limón 600 ml
fzt_vis2018_tv_limon_pet600ml_claim_prop_sudado_1_-min_1__3.jpg,Té Verde Fuze Tea Sabor Limón 600 ml
komx_mx_joya_durazno_1.5l_pet_seco_front_0420.png,Refresco Joya Sabor Durazno 1.5 L
komx_mx_joya_durazno_600ml_pet_seco_front_0420.png,Refresco Joya Sabor Durazno 600 ml
komx_mx_joya_manzana_2.5l_pet_seco_front_0420.png,Refresco Joya Sabor Manzana 2.5 L
joya_manzana_2l_desechable_2.png,Refresco Joya Sabor Manzana 2 L
492_joya-manzana-355-ml-botella-vidrio_4.jpg,Refresco Joya Sabor Manzana 355 ml Retornable
komx_mx_joya_ponche_2.5l_pet_seco_front_0420.png,Refresco Joya Sabor Ponche de Frutas 2.5 L
converted_9__3.png,Refresco Joya Sabor Ponche de Frutas 3 L
ponche_500_2.jpg,Refresco Joya Sabor Ponche de Frutas 500 ml
komx_joyapponchenuevovis_seco_600ml_1.png,Refresco Joya Sabor Ponche de Frutas 600 ml
joyaponche_600_1000x1000.png,Refresco Joya Sabor Ponche de Frutas 600 ml
joya_uva_1.5-min_1__1_2.png,Refresco Joya Sabor Uva 1.5 L
515_joya-uva-600-ml-botella-pet_2.jpg,Refresco Joya Sabor Uva 600 ml
164072.png,Bebida Energetica Monster Energy Mango Loco 473 ml
juice-monster-sku_2.png,Bebida Energetica Monster Energy Mango Loco 473 ml
163802.png,Bebida Energetica Monster Energy Mango Loco 473 ml
mundet-manzana-pnr-2.5l.png,Refresco Sidral Mundet Sabor Manzana 2.5 L
mundet-manzana-vr-500ml.png,Refresco Sidral Mundet Sabor Manzana 500 ml Retornable
623_powerade-lima-limon-500-ml-pet-3p_2.jpg,Powerade Ion 4 Sabor Lima-Limón 500 ml
cceth-bundle-kof-pwd-moras.png,Powerade Ion 4 Sabor Moras 1 L
pwd_vis2018_moras_pet1l_prop_seca-min_1__3_1.jpg,Powerade Ion 4 Sabor Moras 1 L
pwd_moras_600ml_prop_seca-min_1_3_1.jpg,Powerade Ion 4 Sabor Moras 600 ml
163720.png,Powerade Ion 4 Sabor Naranja 1 L
pwd_vis2018_naranja_pet1l_prop_seca-min_1_3_1.jpg,Powerade Ion 4 Sabor Naranja 1 L
pwd_naranja_500ml_prop_seca-min_1__3_1.jpg,Powerade Ion 4 Sabor Naranja 500 ml
cceth-bundle-pwd-frutas.png,Powerade Ion 4 Sabor Ponche de Frutas 1 L
163718.png,Powerade Ion 4 Sabor Ponche de Frutas 1 L
7501055317660_1_.png,Powerade Ion 4 Sabor Ponche de Frutas 1 L
7501055329298_0.jpg,Powerade Ion 4 Sabor Ponche de Frutas 500 ml
7501055310784_1_.png,Powerade Ion 4 Sabor Ponche de Frutas 600 ml
7501295600638_0.jpg,Leche Santa Clara Sabor Helado de Capuccino 200 ml
7501295600614_0.jpg,Leche Santa Clara Sabor Helado de Chocolate 200 ml
7501295600621_0.jpg,Leche Santa Clara Sabor Helado de Fresa 200 ml
cceth-bundle-sce12x10_1_.png,Leche Santa Clara Entera 1 L
7501295600126_0.jpg,Leche Santa Clara Entera 1 L
cceth-bundle-scd-12x10_1_1.png,Leche Santa Clara Deslactosada 1 L
7501295600157_0.jpg,Leche Santa Clara Deslactosada 1 L
cceth-bundle-scdl_1_1.png,Leche Santa Clara Deslactosada Light 1 L
7501055349005_0.jpg,Leche Santa Clara Deslactosada Light 1 L
7501295600140_0.jpg,Leche Santa Clara Light 1 L
sprite-limon-lata-355ml.png,Refresco Sprite 355 ml
sprite-limon-pnr-1.5l.png,Refresco Sprite 1.5 L
sprite-limon-pnr-2.5l.png,Refresco Sprite 2.5 L
sprite-limon-pnr-2l.png,Refresco Sprite 2 L
162023.png,Refresco Sprite 2 L
sprite-limon-pnr-3l.png,Refresco Sprite 3 L
164868.png,Refresco Sprite 3 L
sprite-limon-pnr-500ml.png,Refresco Sprite 500 ml
sprite.jpg,Refresco Sprite 600 ml
sprite-limon-pnr-600ml.png,Refresco Sprite 600 ml
167021.png,Refresco Sprite 600 ml
converted_25__2.png,Refresco Sprite 2.5 L Retornable
e4908aef-4ee8-4c68-b965-a4ed00db73cb-0_2.png,Refresco Sprite 1.5 L Retornable
sprite-limon-vr-355ml.png,Refresco Sprite 355 ml Retornable
sprite-limon-vr-500ml.png,Refresco Sprite 500 ml Retornable
tch_vis2018_pet_1.5l_seca.jpg,Agua Mineral Topo Chico 1.5 L
tch-600ml-pnr-burbujas_4.jpg,Agua Mineral Topo Chico 600 ml
topochico_600_ml_4.jpg,Agua Mineral Topo Chico 600 ml
814_vitamin-water-energy-500-ml-pet-2p_2.jpg,Agua Vitamin Water Energy Cítrico Tropical 500 ml
815_vitamin-water-power-500-ml-pet_2.jpg,Agua Vitamin Water Power-C Fruta de Dragón 500 ml
823_vitaminwater-restore-ponche-de-frutas-500-ml-botella-pet-6p_2.jpg,Agua Vitamin Water Restore Ponche de Frutas 500 ml
163556_1.png,Bebida a base de Almendra AdeS  946 ml
ades_almendras_946_ml.jpg,Bebida a base de Almendra AdeS  946 ml
22_ciel-jamaica-600-ml-botella-pet-6p_4.jpg,Agua Ciel Exprim Jamaica 600 ml
48_ciel-exprim-limon-600-ml-pet_4.jpg,Agua Ciel Exprim Limón 600 ml
7501055356898_0.jpg,Néctar Del Valle Sabor Mango 237 ml
del-valle-limon-nada-600ml-pet.jpg,Agua Mineralizada Del Valle Limón&Nada 600 ml
converted_2.png,Bebida Del Valle Frut con jugo Sabor Cítricos 5 L
converted_22__2.png,Refresco Fanta Sabor Naranja 1.5 L Retornable
567_monster-lata-aluminio_3.jpg,Bebida Energizante Monster Energy 473 ml
599_powerade-ion4-lima-limon-1-l-botella-pet_3.jpg,Powerade Ion 4 Sabor Lima-Limón 1 L
7501055329267_0.jpg,Powerade Ion 4 Sabor Moras 500 ml
sc_yogurth_batido_125g_vis2019_0006_fresa_2.jpg,Yogurt batido Santa Clara con Fresa 125 gr
sc_yogurth_batido_125g_vis2019_0007_manzana_2.jpg,Yogurt batido Santa Clara con Manzana 125 g
mundet-manzana-pnr-600ml.png,Refresco Sidral Mundet Sabor Manzana 600 ml
sprite_ps_sinazucar_600ml_pet_seco._1_-1_2.png,Refresco Sprite Sin Azúcar 600 ml
_0000_topochico-mineralizada-355ml-botella-vidrio_3.png,Agua Mineral Topo Chico 355 ml Retornable
7501005102735_-_ades_soya_light_946ml_4.png,Bebida base de soya light AdeS 946 ml
jugo-ades-naranja-946ml_2.jpg,Bebida base de soya AdeS con jugo de naranja 946 ml 
cco_vis2017_vidrio1l_tapa_prop_seca-min_4.jpg,Refresco Coca-Cola 1 L Retornable
7501055336425_0.jpg,Bebida Del Valle Frut con jugo Sabor Cítricos 2 L
166612_1.png,Refresco Fresca Sabor Toronja 2 L
fresca-toronja-pnr-2l.png,Refresco Fresca Sabor Toronja 2 L
163606.png,Refresco Fresca Sabor Toronja 2 L
mundet-manzana-pnr-2l.png,Refresco Sidral Mundet Sabor Manzana 2 L
mundet-manzana-vr-355ml.png,Refresco Sidral Mundet Sabor Manzana 355 ml Retornable
pwd_lima_600ml_prop_seca-min_1_3_1.jpg,Powerade Ion 4 Sabor Lima-Limón 600 ml
163881.png,Powerade Ion 4 Sabor Lima-Limón 600 ml
164950.png,Powerade Ion 4 Sabor Naranja 600 ml
613_powerade-ion4-naranja-mandarina-600-ml-botella-pet-6p_2.jpg,Powerade Ion 4 Sabor Naranja 600 ml
ps-ades-guanabana-946ml-carton_1_3.jpg,Bebida base de soya AdeS con pulpa de guanábana 946 ml
coca-cola-light-lata-355ml-2.png,Refresco Coca-Cola Light 355 ml
ccl_vis2017_pet1_25l_botella_prop_seco_1_-min_1_2.jpg,Refresco Coca-Cola Light 1.25 L
163804.png,Refresco Coca-Cola 1.5 L
coca-cola-original-pnr-1.5l.png,Refresco Coca-Cola 1.5 L
163865.png,Refresco Coca-Cola 1.5 L
163806.png,Refresco Coca-Cola 1 L
coca-cola-original-pnr-1l.png,Refresco Coca-Cola 1 L
coca-cola-original-pnr-500ml.png,Refresco Coca-Cola 500 ml
239_coca-cola-sin-azucar-235ml-lata-24-p_3.jpg,Refresco Coca-Cola Sin Azúcar Lean Can 235 ml
ciel-mineralizada-355ml-lata.png,Agua Mineralizada Ciel 355ml Lata
7501055305742_0.jpg,Agua Mineralizada Ciel 2 L
cie_ecoblue_mn_pet600ml_front.jpg,Agua Mineralizada Ciel 600 ml
44_ciel-exprim-jamaica-reposada-1-l-botella-pet-6p_1_4.jpg,Ciel Exprim Jamaica 1L 6
ciel_xprim_vis2018_pi_a_jengibre_pet1ml_seco_1_optimized_4.jpg,Agua Ciel Exprim Piña Jengibre 1L
528_jugo-del-valle-nectar-durazno-946-ml-pet_2_2.jpg,Néctar Del Valle Sabor Durazno 946 ml
6db9d64a-f599-4271-b846-a74a000f46c0_p000-2_2.png,Néctar Del Valle Sabor Mango 946 ml
163773_1.png,Néctar Del Valle Sabor Naranja 946 ml
7501055356799_0.jpg,Néctar Del Valle Sabor Naranja 946 ml
247_del-valle-arandano-1-l-botella-pet-4p_2.jpg,Néctar Del Valle Antiox Manzana con extracto Arándano 1 L
converted_2__3.png,Néctar Del Valle Antiox Manzana con extracto Arándano 237 ml
dvf_vis2017_manzana_pet355ml_prop_seco_1_2.jpg,Bebida Del Valle Frut con jugo Sabor Manzana 355 ml
dv_dv_nada_vis18_naranja_nada_masmango_600ml_prop_seco_optimized_2.jpg,Agua Mineralizada Del Valle Naranja-Mango&Nada 600 ml
delaware_lata_1.png,Refresco Delaware Punch Sabor uva 355 ml
delaware-punch-botella-600ml_2.jpg,Refresco Delaware Punch Sabor uva 600 ml 
fanta-fresa-pnr-1.5l.png,Refresco Fanta Sabor Fresa 1.5 L
fanta-fresa-pnr-1.75l.png,Refresco Fanta Sabor Fresa 1.75 L
fanta-fresa-pnr-400ml.png,Refresco Fanta Sabor Fresa 400 ml
fanta-fresa-pnr-600ml.png,Refresco Fanta Sabor Fresa 600 ml
fanta-naranja-pnr-1.5l.png,Refresco Fanta Sabor Naranja 1.5 L
fanta-naranja-pnr-250ml.png,Refresco Fanta Sabor Naranja 250 ml
fanta-naranja-pnr-400ml.png,Refresco Fanta Sabor Naranja 400 ml
160655.png,Refresco Fresca Sabor Toronja 1 L
fresca-toronja-pnr-1l.png,Refresco Fresca Sabor Toronja 1 L
fresca-toronja-pnr-400ml.png,Refresco Fresca Sabor Toronja 400 ml
473ml-mexico-locarb-pos_copy_2.png,Bebida Energetica Monster Energy Low Carb 473 ml
163247.png,Bebida Energetica Monster Energy Low Carb 473 ml
mundet-manzana-lata-355ml.png,Refresco Sidral Mundet Sabor Manzana 355 ml
mundet-manzana-pnr-1.5l.png,Refresco Sidral Mundet Sabor Manzana 1.5 L
mundet-manzana-pnr-400ml.png,Refresco Sidral Mundet Sabor Manzana 400 ml
pwd_uva_500ml_prop_seca_optimized_2.jpg,Powerade Ion 4 Sabor Uva 500 ml
senzao-guarana-pnr-600ml.png,Senzao 600 ml
sprite-limon-pnr-1.75l.png,Refresco Sprite 1.75 L
sprite-limon-pnr-1l.png,Refresco Sprite 1 L
sprite-limon-pnr-250ml.png,Refresco Sprite 250 ml
sprite-limon-pnr-400ml.png,Refresco Sprite 400 ml
826_vitaminwater-xxxarandanomoraazulgranada500ml-botella-pet_3.jpg,Agua Vitamin Water XXX Aránd-Mora-Granada 500 ml
825_vitaminwater-vital-naranja-naranja-500-ml-botella-pet_3.jpg,Agua Vitamin Water Vital Sabor Naranja 500 ml
fresca-toronja-vr-500ml.png,Refresco Fresca Sabor Toronja 500 ml Retornable
ccl-3l-pnr-sudada_2.png,Refresco Coca-Cola Light 3 L
167207_3.png,Bebida Del Valle Frut con jugo Sabor Cítricos 3 L
167207.png,Bebida Del Valle Frut con jugo Sabor Cítricos 3 L
7501055330812_0.jpg,Bebida Del Valle Frut con jugo Sabor Cítricos 3 L
ps_ciel_3l_sinasa_4.jpg,Agua Purificada Ciel 3 L
795_valle-frut-ponche-de-citricos-1.5-l-botella-pet_2.jpg,Bebida Del Valle Frut con jugo Sabor Cítricos 1.5 L
163682.png,Bebida Del Valle Frut con jugo Sabor Cítricos 1 L
converted_16__4_1.png,Bebida Del Valle Frut con jugo Sabor Cítricos 1 L
fanta-naranja-pnr-1l.png,Refresco Fanta Sabor Naranja 1 L
ccoma_400ml_pnr_1000x1000_4.jpg,Refresco Coca-Cola 400 ml
469_fuze-tea-mango-manzanilla-600-ml-pet_2.jpg,Té Verde Fuze Tea Sabor Mango y Manzanilla 600 ml
163625.png,Powerade Ion 4 Sabor Uva 600 ml
pwd_uva_600ml_prop_seca-min_3.jpg,Powerade Ion 4 Sabor Uva 600 ml
163550.png,Powerade Ion 4 Sabor Uva 600 ml
cmx-89_product_shots_01_4.png,Refresco Coca-Cola 2 L Retornable
des_ades_kids_vis19_uva_200ml_4.jpg,Bebida base de soya AdeS con jugo de uva 200 ml
cceth-app-_0000s_0021_-ciel_mineralizada_botella_vidrio355ml_4.png,Agua Mineralizada Ciel 355 ml Retornable
coca-cola-original-pnr-250ml.png,Refresco Coca-Cola 250 ml
cco_ma_473ml_monstercan_1000x1000_1__4.png,Refresco Coca-Cola 473 ml
750105530245_-_cc_original_1lt_pet_3300x5100_2_2.jpg,Refresco Coca-Cola 1 L Retornable
coca-cola-light-botella-355ml_2.jpg,Refresco Coca-Cola Light 355 ml
7501055320660_0.jpg,Refresco Coca-Cola Sin Azúcar 2 L
750105534923_0_1.jpg,Refresco Coca-Cola Sin Azúcar 300 ml
fanta-naranja-pnr-300ml.png,Refresco Fanta Sabor Naranja 300 ml
fresca-toronja-pnr-500ml.png,Refresco Fresca Sabor Toronja 500 ml
7501055358106_0.jpg,Leche Santa Clara Sabor Helado de Chocolate 250 ml
7501295600713_0.jpg,Leche Santa Clara Sabor Helado de Vainilla 200 ml
mundet-manzana-pnr-300ml.png,Refresco Sidral Mundet Sabor Manzana 300 ml
113_coca-cola-300-ml-pet_4.jpg,Refresco Coca-Cola 300 ml
sku-cocacola-mundet_2.png,Pack Refrescos Coca-Cola + Sidral Mundet 2 L
cceth-bundle-arca-cc2-fresca2.png,Pack Refrescos Coca-Cola + Fresca 2 L
cceth-bundle-septiembre-kof-cco-fresca_1.png,Pack Refrescos Coca-Cola + Fresca 2 L
cceth-bundle-arca-cc2-fanta2.png,Pack Refrescos Coca-Cola + Fanta 2 L
cceth-bundle-arca-cc2-sprite2.png,Pack Refrescos Coca-Cola + Sprite 2 L
7501055368761_0.jpg,Refresco Coca-Cola Energy 235 ml
7501295600607_0.jpg,Leche Santa Clara Entera 200 ml
7501055363513_-_ades_coco_946ml_tetra_4.jpg,Bebida base de soya AdeS sabor coco 946 ml
des_ades_kids_vis19_nrja_200ml_4.jpg,Bebida base de soya AdeS con jugo de naranja 200 ml
147_coca-cola-235-ml-lata-aluminio-24p_4.jpg,Refresco Coca-Cola Lean Can 235 ml
537_jugo-del-valle-nectar-pina-335-ml-lata_2.jpg,Néctar Del Valle Sabor Piña 335 ml
748_sprite-zero-355-ml-lata-4p_2.jpg,Refresco Sprite Sin Azúcar 355 ml
spite-sa-355ml-lata.png,Refresco Sprite Sin Azúcar 355 ml
refresco-topo-chico-sangria-retornable-355ml_2.png,Refresco Topo Chico Sangría 355 ml
refresco-topo-chico-sangria-600ml_2.png,Refresco Topo Chico Sangría 600 ml
refresco-topo-chico-sangria-1.5l_2.png,Refresco Topo Chico Sangría 1.5 L
refresco-topo-chico-sangria-light-600ml_2.png,Refresco Topo Chico Sangría Light 600 ml
monster-enery-lo-carb-473ml_2.png,Bebida Energetica Monster Energy Zero Ultra 473 ml
163246.png,Bebida Energetica Monster Energy Zero Ultra 473 ml
agua-topo-chico-botella-192ml_2.jpg,Agua Mineral Topo Chico 192 ml
agua-topo-chico-botella-750ml_2.jpg,Agua Mineral Topo Chico 750 ml
joya_ponchefrutas_1000x1000_65_.png,Refresco Joya Sabor Ponche de Frutas 1.5 L
komx_mx_joya_manzana_1.5l_pet_seco_front_0420_1.png,Refresco Joya Sabor Manzana 1.5 L
del-valle-frut-naranja-2-l-botella-pet.jpg.png,Bebida Del Valle Frut con jugo Sabor Cítricos 2.5 L
te-negro-fuze-tea-limon-600ml_2.jpg,Té Negro Fuze Tea Sabor Limón 1 L
aa9c466e-92da-4131-8a4b-a7f50182c66b_p000_optimized.png,Del Valle Néctar Clarificado de Manzana Jugo 413 ml
del-valle-manzana-clarificado-botella-1l.png,Néctar Del Valle Sabor Manzana 1 L
del-valle-manzana-clarificado-botella-250ml.jpg,Del Valle Néctar Clarificado de Manzana 250 ml 
del-valle-manzana-botella-413ml.jpg,Del Valle Néctar Manzana 413 ml
surtido-8-pack-sabores_1__4.png,Pack 2 Sprite + 2 Mundet + 2 Fresca + 2 Fanta 235ml
7501055354696_0.jpg,Refresco Coca-Cola Sin Azúcar 235 ml
fresca-toronja-lata-355ml.png,Refresco Fresca Sabor Toronja 355 ml
fresca-toronja-pnr-300ml.png,Refresco Fresca Sabor Toronja 300 ml
sprite-limon-pnr-300ml.png,Refresco Sprite 300 ml
ccoma_450ml_pnr_1000x1000.jpg,Refresco Coca-Cola 450 ml
163382.png,Refresco Coca-Cola 450 ml
del-valle-clarificado-manzana-237ml-pet.png,Néctar Clarificado Del Valle Sabor Manzana 237 ml
mundet-manzana-pnr-500ml.png,Refresco Sidral Mundet Sabor Manzana 500 ml
del-valle-clarificado-manzana-pet-500ml-_4_.jpg,Néctar Clarificado Del Valle Sabor Manzana 500 ml
255_del-valle-manzana-1-l-botella-pet-6p.jpg,Néctar Clarificado Del Valle Sabor Manzana 1 L
7501295650145_0.jpg,Crema Santa Clara Natural 225 ml
7501055374571_0_3.jpg,Crema Santa Clara Natural 420 ml
7501055361205_0.jpg,Yogurt Bebible Santa Clara con Guayaba 235 g
7501055361212_0.jpg,Yogurt Bebible Santa Clara con Mango 235 g
7501055361229_0.jpg,Yogurt Bebible Santa Clara con Manzana 235 g
7501055361182_0.jpg,Yogurt Bebible Santa Clara con Durazno 235 g
yogurt_batido_con_fresa_125_g.jpg,Yogurt Batido Santa Clara con Fresa 125 g
7501055361199_0.jpg,Yogurt Bebible Santa Clara con Fresa 235 g
sc_yogurth_batido_125g_vis2019_0005_guaya.jpg,Yogurt Batido Santa Clara con Guayaba 125 g
sc_yogurth_batido_125g_vis2019_0002_mango.jpg,Yogurt Batido Santa Clara con Mango 125 g
topochico-hard-seltzer-strawberry-guava-355ml.png,Topo Chico Hard Seltzer Fresa-Guayaba 355 ml
topochico-hard-seltzer-tangy-lemon-lime-355ml.png,Topo Chico Hard Seltzer Lima-Limón 355 ml
topochico-hard-seltzer-pineapple-twist-pina-355ml.png,Topo Chico Hard Seltzer Piña 355 ml
tch_vis2019_toronja_vidrio_355ml_seco.png,Agua Mineral Topo Chico Twist de Toronja 355 ml 
tch_vis2019_limon_vidrio_355ml_seco.png,Agua Mineral Topo Chico Twist de Limón 355 ml 
coca-cola-original-pnr-355ml_6.png,Refresco Coca-Cola 355 ml
topochi_twist_toronja_pet_600ml.jpg,Agua Mineral Topo Chico Twist de Toronja 600 ml 
topochi_twist_limon_pet_600ml.jpg,Agua Mineral Topo Chico Twist de Limón 600 ml 
sidral-mundet-manzana-durazno-2l.jpg,Refresco Sidral Mundet Sabor Manzana Durazno 2 L
sidral-mundet-manzana-durazno-600ml.jpg,Refresco Sidral Mundet Sabor Manzana Durazno 600 ml
0750105530533l_4.jpg,Refresco Coca-Cola Light 500 ml
coca-cola_caf_caramel_235ml.jpg,Refresco Coca-Cola con Café Caramelo 235 ml
coca-cola_caf_vainilla_235ml.jpg,Refresco Coca-Cola con Café Vainilla 235 ml
paquete_coca-cola_con_caf_sabor_caramel_espresso_y_vainilla_de_235ml.jpg,Refresco Coca-Cola con Café Surtido 235 ml
costacoffee_1kg_full_image_1_2.jpg,Café Costa Mocha Italia Entero 1 Kg
costa-500_1_1.png,Café Costa Mocha Italia Molido 500 g
sc_qc_345x350_thumb.jpg,Queso Cottage Santa Clara Natural 380 ml
163769.png,Néctar Del Valle Sabor Manzana 946 ml
nectar-del-valle-manzana-946-ml.jpg,Néctar Del Valle Sabor Manzana 946 ml
nectar-del-valle-manzana-clarificado-946-ml.jpg,Néctar Del Valle Clarificado Sabor Manzana 946 ml
7501055349609_0.jpg,Refresco Coca-Cola 235 ml
ydray-dvp-400ml-pnr-durazno-mango_1.jpg,Del Valle Pulpy Pack Durazno y Mango 400 ml
7501055320622_0_1.jpg,Refresco Coca-Cola Sin Azúcar 355 ml
7501055356256_0_1.jpg,Refresco Coca-Cola Sin Azúcar 355 ml
costa_250.png,Café Costa Coffee Molido 250 g
valle_frut_500ml_retornable.png,Bebida Del Valle Frut con jugo Sabor Cítricos 500 ml Retornable
del_valle_jugo_de_manzana_946_ml.jpg,Del Valle 100% Jugo de Fruta Sabor Manzana 946 ml
7501055359578_0.jpg,Del Valle 100% Jugo de Fruta Sabor Naranja 946 ml
dv_100_manzana_237ml_pet_seca_1.jpg,Néctar Del Valle Sabor Manzana 237 ml
del_valle_lata_2.png,Néctar Del Valle Sabor Manzana 335 ml
del_vale_pina_1_1.png,Néctar Del Valle Sabor Piña 1 L
fanta_fresa.png,Refresco Fanta Sabor Fresa 1 L
fanta_fresa_2l.png,Refresco Fanta Sabor Fresa 2 L
fanta_fresa_3l.png,Refresco Fanta Sabor Fresa 3 L
monster_1.png,Monster Energy Zero Sugar 473 ml
mundet_1l.png,Refresco Sidral Mundet Sabor Manzana 1 L
7501055340422_1_1__1.jpg,Refresco Sidral Mundet Sabor Manzana 3 L
163355.png,Bebida Del Valle Frut con jugo Sabor Cí­tricos 250 ml
1816_chubby_frutales_vallefrut.jpeg,Bebida Del Valle Frut con jugo Sabor Cí­tricos 250 ml
cceth-bundle-ciel-moras-kof_1_.png,Agua Gasificada Ciel Moras 600 ml
7_501055__368617__03zzz.jpg,Bebida Del Valle Frut Retornable 2.5L
cceth-ccoriginal_1.png,Refresco Coca-Cola 355 ml
cceth-ccl_1.png,Refresco Coca-Cola Light 355 ml
pwd_fit_arandano_500ml_thumb.jpg,Powerad Fit Arandano Azaí 500 ml
cceth-bundle-septiembre-fiestas-patrias-kof.png,"Paquete de Coca-Cola Original Pet 2L, Fresca Pet 2L y Ciel Mineral Pet 2L"
cceth-cielsifon_1.png,Agua Mineralizada Ciel 1.75L
cceth-cielmineralizada-235_1.png,Agua Mineralizada Ciel 235 ml
7501055335305_coca_cola_original_1.25lt_vidrio_ret_-_producto_nom-051_2000x2000.jpg,Refresco Coca-Cola 1.25 L
ccethsprite235_1.png,Refresco Sprite 235 ml
163982.png,Refresco Fanta Sabor Misterio 600 ml
fanta_misterio_1000x1000px.png,Refresco Fanta Sabor Misterio 600 ml
cceth-sidral2l.png,Refresco Sidral Mundet Light Sabor Manzana 2 L
cceth-sidral400ml.png,Refresco Sidral Mundet Light Sabor Manzana 400 ml
cceth-sidral235ml.png,Refresco Sidral Mundet Sabor Manzana 235 ml
cceth-yoli-600.png, Refresco Yoli Sabor Limón 600 ml
cceth-yoli.png,Refresco Yoli Sabor Limón 2 L
cceth-ameyal.png,Refresco Ameyal Sabor Fresa-Kiwi 2 L
750105534955_1.jpg,Refresco Coca-Cola Sin Azúcar 1.75 L
cceth-spritesa400ml_1.png,Refresco Sprite Sin Azúcar 400 ml
cceth-bundle-scd-cc355-.jpg,Paquete de Leche Santa Clara Deslactosada 1L y Refresco Coca-Cola Sin Azúcar 355 ml
cceth-bundle-octubre-kof-ciel-sc-deslactosada.png,Paquete de Ciel Garrafón (Líquido) y Santa Clara Deslactosada 1L
cceth-bundle-octubre-kof-ciel-sc-entera.png,Paquete de Ciel Garrafón (Líquido) 20L y Leche Santa Clara Entera 1L
cceth-bundle-sc-garrafon.jpg,Paquete de Ciel Garrafón (Líquido) 20L y Leche Santa Clara Entera 1L
diapositiva1_1.jpg,Shangri-La 2 L
167854_1.png,Shangri-La 2 L
diapositiva2.jpg,Shangri-La 354 ml
diapositiva3_1.jpg,Shangri-La 600 ml
limonada_hierbabuena_1.png,Limonada & Hierbabuena 330 ml
167721.png,Hi-C Melocotón 250 ml
167719.png,Hi-C Manzana 250 ml
168079.png,Agua Pura Dasani 600 ml
163677.png,Agua Pura Dasani 600 ml
167178.png,Agua Pura Dasani 1 L
163455.png,Agua Pura Dasani 1 L
163230.png,Mini lata mixto 237 ml 
163360.png,Refresco Fresca Sabor Toronja 354 ml
167971.png,Refresco Fresca Sabor Toronja 354 ml
162262.png,Fanta Uva 355 ml
164866.png,Fanta Uva 3L
167020.png,Fanta Uva 600 ml 
163976.png,Fanta Uva 2L
163932.png,Fanta Multifruta 600 ml 
163931.png,Fanta Multifruta 2 L
163957_2.png,Power Water Cereza 600 ml
163958_1_1.png,Power Water Mango 600 ml
163372.png,Fuze Tea Negro Melocotón 500 ml
163446.png,Fuze Tea Negro Melocotón 500 ml
166800.png,Fuze Tea Negro Melocotón 2.5 L
163371.png,Fuze Tea Negro Limón 500 ml
168491.png,Fuze Tea Negro Limón 500 ml
163697.png,Fuze Tea Mango 500 ml
167001.png,Powerade Naranja Mandarina 600 ml
167964.png,Powerade Avalancha Azul 600 ml
167003.png,Powerade Avalancha Azul 600 ml
168290.png,Refresco Sprite 355 ml
167970.png,Fanta Naranja 354 ml
162257.png,Fanta Naranja 355 ml
163357.png,Jugo del Valle Fresh Citrus 500 ml
167002.png,Jugo del Valle Fresh Citrus 500 ml
163361.png,Refresco Sprite 354 ml
167972.png,Refresco Sprite 354 ml
163417.png,Coca-Cola Sin Azúcar 237 ml
163453.png,Coca-Cola Sin Azúcar 354 ml
163411_3.png,Coca-Cola Sin Azúcar 354 ml
163359.png,Coca-Cola Ligero 354 ml
163399.png,Coca-Cola Original Shangri-La 2 L
167334_2.png,Coca-Cola Original 354 ml
167968.png,Coca-Cola Original 354 ml
163661.png,Coca-Cola Original Del Valle Fresh 3 L
162397.png,Coca-Cola Original Sprite 2 L
164948.png,Powerade Frutas 600ml
167028.png,Powerade Frutas 600ml
163248.png,Energizante Monster Khaos Juice 473 ml
ydray-garrafon-ciel-19l-lleno_2__1.jpg,Agua Purificada Ciel Garrafon de 19 L Retornable
yoli-2l_1__1.png, Refresco Yoli Sabor Limón 2.5L
cceth-bundle-octubre-kof-vasos.png,"Paquete de 2 Garrafones (líquido) de Agua Purificada Ciel 20L, Paquete de Coca-Cola Original 355ml y Del Valle Frut Citrus 2L"
8002_1.png,Mini lata mixto 237 ml con Fresca
agua-taxco-2l_1_.png,Agua Mineral Taxco 2 L
agua-taxco-1l_1_.png,Agua Mineral Taxco 1 L
cceth-bundle-octubre-kof-dispensador.png,"Paquete de Ciel Garrafón (líquido), Coca-Cola Original 600ml, Santa Clara Entera 1L = 1 Dispensador por $90"
fuze_tea_1.png,Fuze Tea Sabor Manzana Canela 600 ml
cceth-bundle-1_1.jpg,Paquete de Ciel 5L y Lechita Santa Clara de Capuccino 200ml
cceth-bundle-hs--dispensador---ciel-_-scentera.jpg,"Paquete de Garrafón (Líquido) de 20L, Santa Clara Entera 1L, Coca-Cola Original 355ml = 1 Dispensador por $90 "
cceth-bundle-garrafon-light.jpg,Paquete de Ciel Garrafón (Líquido) y Santa Clara Light 1L
cceth-bundle-hs--_50--ciel-_-scentera.jpg,"Paquete de Ciel Garrafón (Líquido), Santa Clara Entera 1L, Del Valle Mango 1L y Coca-Cola Original 600ml"
cceth-bundle-hs--_50--ciel-_-scdeslactosada.jpg,"Paquete de Ciel Garrafón (Líquido), Santa Clara Deslactosada 1L , Del Valle Mango 1L y Coca-Cola Original 600ml"
cceth-bundle-1-2.jpg,"Paquete de Ciel 5L, Santa Clara Lechita de Chocolate 200ml y Del Valle Durazno 1L"
cceth-bundle-1-3.jpg,"Paquete de Ciel 5L, Santa Clara Lechita de Fresa 200ml y Del Valle Durazno 1L"
7_501055__368587__03.jpg,Refresco Coca-Cola Sin Azúcar Retornable 2.5 L
7_501055__368631__03z.jpg,Refresco Fresca Sabor Toronja 2.5 L
mundet-manzana-pnr-2.5l_4.png,Refresco Sidral Mundet Sabor Manzana 2.5 L
mundet_15.jpg,Refresco Sidral Mundet Sabor Manzana 1.5 L
komx_mx_fanta_naranja_1.5l_bu_seco_front_1020_1.png,Refresco Fanta Sabor Naranja 1.5 L
delaware-punch-botella-250ml_2_1.jpg,Refresco Delaware Punch Sabor uva 250 ml
750105537000_0.jpg,Refresco Coca-Cola Light 1.75 L
komx_mx_ccsa_kaizen_1_25l_contour_pet_seco_front_clean_0321.png,Refresco Coca-Cola Sin Azúcar 1.25 L
cristal_-_1500_ml_-_pet_-_mineralizada.png,Agua Mineralizada Cristal 1.5 L
cri_vis2017_mineralizada_2_5l.png,Agua Mineralizada Cristal 2.5 L
garrafon20litrosnew.jpg,Agua Purificada Cristal Garrafon de 20 L Retornable
cristal_negra.png,Refresco Cristal Sabor Sidra Negra 2.5 L
cristal_fresa_2500_ml_1_.png,Refresco Cristal Sabor Fresa 2.5 L
cristal_cebada.png,Refresco Cristal Sabor Cebada 2.5 L
cc_3_l_ret.png,Refresco Coca-Cola 3 L Retornable
750105536867_0_1.jpg,Refresco Coca-Cola Sin Azúcar 235 ml
santa_clara_choc_2.png,Leche Santa Clara Sabor Helado de Triple Chocolate 250 ml
choc_menta_sc_2.png,Leche Santa Clara Sabor Helado de Menta Chocolate 250 ml
fresa_santa_clara.png,Leche Santa Clara Sabor Helado de Fresa 250 ml
7501055329465_0_1.jpg,Refresco Coca-Cola Sin Azúcar 3 L
cceth-naranjaynada-1l_2_.png,Agua Mineralizada Del Valle Naranja&Nada 2 L
750105534219---valle-frut-citrus-355ml-pet_2_1_1.jpg,Bebida Del Valle Frut con jugo Sabor Cítricos 355 ml
pwd_fit_menta_500ml_thumb_2.jpg,Powerade Fit Uva Menta 500 ml
ades_nom051_mango_ref._946ml_1000x1000.jpg,Bebida base de soya AdeS con jugo de mango 946 ml
cceth-adessoya-sa_1__2.png,Bebida base de soya sin azúcar AdeS 946 ml
sidral_light_600_ml_nr_4.png,Refresco Sidral Mundet Light Sabor Manzana 600 ml
163768.png,Del Valle 100% Jugo de Fruta Sabor Manzana 200 ml
dv_manzana_200ml_full_image_1.jpg,Del Valle 100% Jugo de Fruta Sabor Manzana 200 ml
163772.png,Del Valle 100% Jugo de Fruta Sabor Naranja 200 ml
del_valle_jugo_de_naranja_200_ml_2_1.jpg,Del Valle 100% Jugo de Fruta Sabor Naranja 200 ml
3363.2_1.jpeg,Té Negro Fuze Tea Sabor Durazno 1.89 L
7501055349845_-_fanta_235_lata_lean_-_producto_nom-051_1000x1000.jpg_2__2.jpg,Refresco Fanta Sabor Naranja 235 ml
komx_mx_fanta_sa_naranja_pnr_300ml_seco_front_0921_1_.png,Refresco Fanta Sin Azúcar Sabor Naranja 300 ml
komx_mx_sprite_sa_lima-limon_pnr_300ml_seco_front_0821-2.png,Refresco Sprite Sin Azúcar 300 ml
komx_mx_sidral_mundet_sa_manzana_pnr_300ml_seco_front_0921_1__1.png,Refresco Sidral Mundet Sin Azúcar Sabor Manzana 300 ml
komx_mx_fresca_toronja_pnr_300ml_seco_front_0821_1.png,Refresco Fresca Sin Azúcar Sabor Toronja 300 ml 1 Botella
capture11_1.jpg,Paquete de Ciel Bidón y Powerade Moras 600ml = Llévate 2 Botellas de Powerade
164047.png,Coca-Cola Sin Azúcar 1.5L
cceth-bundle-cco_vasos.png,Refresco Coca-Cola Original 355ml = Llévate 2 vasos Coca-Cola
cceth-bundle-ccsa_vasos.png,Refresco Coca-Cola Sin Azúcar 355ml = Llévate 2 vasos Coca-Cola
cceth-bundle-ccl_vasos.png,Refresco Coca-Cola Light 355ml = Llévate 2 vasos Coca-Cola
cceth_dual_fresca_1.png,Bipack 1.75 L: 1 Coca-Cola Original + 1 Fresca
cceth_dual_fresca_3.png,Bipack 1.5 L: 1 Coca-Cola Original + 1 Fresca
7501055367412_1.jpg,Refresco Sidral Mundet Sabor Pera 2 L
750105535976_1.jpg,Refresco Sidral Mundet Sabor Sangría 600 ml
7501055363179_1.jpg,Refresco Sidral Mundet Light Sabor Manzana 355 ml
00750105535067l.jpg,Refresco Seagrams Agua Quina 235 ml
7501055306381.jpg,Surtido Latas 235 ml
dvf_-_3000_ml-_pet_-_uva-nom_2.png,Del Valle Sabor Uva 3 L 
komx_mx_sidral_mundet_fresa_kiwi_2l_prop_pet_seco__nom_front_1221.png,Sidral Mundet Fresa-Kiwi 2L 
komx_mx_sidral_mundet_mandarina_2l_pet_prop_seco_front_1221_nom.png,Sidral Mundet Mandarina 2L
komx_mx_ccsa_pixel_355ml_sleekcan_seco_front_nom_0122.png,Refresco Coca-Cola Sin Azúcar Edición Limitada 8-bit 355 ml
cceth-kof-bundle-marzo-scd_ccl-355ml_1.png,Paquete de Leche Santa Clara Deslactosada 1L y Refresco Coca-Cola Light 355 ml
cceth-kof-bundle-marzo-sce_ccl-355ml.png,Paquete de Leche Santa Clara Entera 1L y Refresco Coca-Cola Light 355 ml
cceth-kof-bundle-marzo-sce_ccsa-355ml.png,Paquete de Leche Santa Clara Entera 1L y Refresco Coca-Cola Sin Azúcar 355 ml
cceth-kof-bundle-marzo-sce_cco-355ml_2.png,Paquete de Leche Santa Clara Entera 1L y Refresco Coca-Cola Original 355 ml
cceth-kof-bundle-marzo-scd_cco-355ml_1.jpeg,Paquete de Leche Santa Clara Deslactosada 1L y Refresco Coca-Cola Original 355 ml
3385_chubby_frutales_ccsa.jpg,Refresco Coca-Cola Sin Azúcar 250 ml
cceth_dual_sprite.png,Bipack 1.75 L: 1 Coca-Cola Original + 1 Sprite
4pack_pwd.001_1.jpeg,Powerade Mixto 600ml
baileys_original_700ml_750x500px_1.jpg,Crema de Whiskey Baileys Original 700 ml
tanqueray_gin_750ml_750x500px_1.jpg,Ginebra Tanqueray London Dry 750 ml
captain_morgan_700ml_750x500px_1.jpg,Ron Captain Morgan Spiced 700 ml
3028401_07038_cm_white_rum_700ml_left_facing_750x500px.jpg,Ron Captain Morgan White 700 ml
zacapa_23_750ml_750x500px_1.jpg,Ron Zacapa Solera 750 ml
tequila_1.png,Tequila Don Julio Blanco 700 ml
product-reposado-double-_1.png,Tequila Don Julio Reposado 700 ml
smirnoff_21_750ml_750x500px_1.jpg,Vodka Smirnoff 750 ml
smirnoff_tamarindo_750ml_750x500px_1.jpg,Vodka Smirnoff X1 750 ml
black_white_700ml_750x500px_1.jpg,Whisky Black & White Escocés Spirits 700 ml
black_white_orange_700ml_750x500px_1.jpg,Whisky Black & White Orange Spirits 700 ml
buchanan_s_12_750ml_750x500px_1.jpg,Whiskys Buchanans 12 Años 750 ml
johnnie_walker_red_label_700ml_750x500px_1.jpg,Whiskys Johnnie Walker Red Label 700 ml
johnnie_walker_black_label_750ml_750x500px_1.jpg,Whiskys Jhonnie Walker Black Laber 750 ml
163546.png,Fanta Piña 600ml 
164057.png,Fanta Piña 3L
cceth-kof-bundle-abril-sce_refractario.png,Paquete de Leche Santa Clara Entera 1 L 6 Tetra Bricks y 1 Molde de Santa Clara
cceth-kof-bundle-abril-scd_refractario.png,Paquete de Leche Santa Clara Deslactosada 1 L 6 Tetra Bricks y 1 Molde de Santa Clara
vf_g.jpg,Valle Frut Puch Galon 3785 ml
valle_frut_300ml.jpg,Valle Frut Puch 300 ml 
garrafon_cco_600_ml_1.png,Paquete de Ciel Garrafón (lí­quido) 20 L y Coca-Cola Original 600ml
delvalfru-manz-nor-pet-2l_1.jpg,Bebida Del Valle Frut con jugo Sabor Manzana 2 L 
ciel_10_l__1.jpg,Agua Purificada Ciel Bidón de 10 L
00750105535068l_1.jpg,Refresco Seagrams Ginger Ale 235 ml
7_501055__373901__02_1.png,Refresco Sprite Sin Azúcar 355 ml
7_501055__376827__02_1.png,Refresco Sidral Mundet Light Sabor Manzana 355 ml
_thumb_572537_1.png,"Bebida a base de Almendra Ades Sin Azúcar, Tetra Pack 946 ml "
_thumb_572538_1.png,"Bebida a base de Almendra Ades Sin Azúcar, Tetra Pack 946 ml "
ariel_850_1000x1000.png,Detergente Ariel Doble Poder 850 g
ace_900_1000x1000_1.png,Detergente Ace Limpieza Completa 900 g
salvo_dish_500_1000x1000.png,Detergente Salvo Liquido 500 ml
downy_5en1_1000x1000.png,Suavizante Downy Amanecer 5 en 1 730 ml
downy_floral_1000x1000.png,Suavizante Downy Floral 800 ml
naturella_1000x1000.png,Toallas Femeninas Naturella Cuidado Nocturno 8pz
ariel_500_1000x1000_3.png,Detergente Ariel Doble Poder 500 g
ariel_revitacolor_1000x1000_2.png,Detergente Líquido Ariel Revitacolor 800ml
escuis_pi_a_600_ml.jpg,Refresco Escuis Sabor Piña 600 ml
barra_mck_1000x1000_1.png,Barra de cereal Kellogg's Choco Krispis chocolate 148 g
barra_extra_aran_1000x1000.png,Barra de cereales Kellogg's Extra delice chocolate blanco con arándanos 130 g
extra_240_1000x1000.png,Cereal Kellogg's Extra arándanos con almendras 240 g
bar_extra_26g_front_1000x1000.png,Barra de cereales Kellogg's Extra delice chocolate con cacahuate 130 g
barra_rk_1000x1000_1.png,Barra Kellogg's Rice Krispies Treats sabor malvavisco 148 g
ck_450_1000x1000.png,Cereal Kellogg's Choco Krispis sabor a chocolate 450 g
ck_600_1000x1000_1.png,Cereal Kellogg's Choco Krispis sabor a chocolate 600 g
cf_300_1000x1000_1.png,Cereal Kellogg's Corn Flakes original 300 g
cf_465_1000x1000.png,Cereal Kellogg's Corn Flakes original 465 g
zucaritas_490_1000x1000.png,Cereal Kellogg's Zucaritas original 490 g
zucaritas_665_1000x1000.png,Cereal Kellogg's Zucaritas original 665 g
pringles_37_1000x1000.png,Botana Pringles Original 37 g
pringles_124_1000x1000_2.png,Botana Pringles Original 124 g
captura_5_5.png,Fuze Tea Té Negro Limón 2L 
monster_paradise.png,Bebida Energizante Monster Zero Ultra Paradise 473 ml 4 Latas
predator-lata_1.png,Predator Energy 473 ml Lata
bevi_1.png,Bevi Sabor Chocolate 240 ml
komx_mx_dv_frut_1.5l_bu_seco_front_1120_1.png,Bebida Del Valle Frut Sabor Naranja 1.5L Retornable
ccsa_-_1500_ml_-_pet_ret_-_sin_azucar_1.png,Refresco Coca Cola Sin Azúcar 1.5L
captain-morgan_700ml_kof.png,Ron Captain Morgan Spiced 700 ml 1 Botella= Llévate Tarro Exclusivo
cm-white-rum_700ml_kof.png,Ron Captain Morgan White 700 ml 1 Botella= Llévate Tarro Exclusivo
costacoffee_usoprofesional-1kg_1000x1000.png,Café Costa Coffee Mocha Italian Blend Tueste Medio Cafe Molido 1 Kg
costacoffee_tostadooscuro-1kg_1000x1000.png,Café Costa Coffee Descafeinado Tueste Oscuro Cafe Molido 1 Kg
fresca_355_1000x1000.png,Refresco Fresca Sabor Toronja 355 ml
fanta-naranja-pnr-1l_4.png,Refresco Fanta Sabor Naranja 1 L
sidralmundet_2-5l_1000x1000.png,Refresco Sidral Mundet Sabor Manzana 2.5 L
limonynada_1-5l_1000x1000.png,Agua Mineralizada Del Valle Limón&Nada 1.5 L
joyaponche_600_1000x1000_2.png,Refresco Joya Sabor Ponche de Frutas 600 ml
7501055359578_0_2.jpg,Del Valle 100% Jugo de Fruta Sabor Naranja 946 ml
ps_marshmello.png,Refresco Coca-Cola Sin Azúcar Edición Limitada Marshmello 355 ml
costacoffee_usoprofesional-85g_1000x1000_1_.png,Café Costa Coffee Mocha Italian Blend Tueste Medio Cafe Molido 85 g
costacoffee_tostadooscuro-500gr_1000x1000_1__1.png,Café Costa Coffee Descafeinado Tueste Oscuro Cafe Molido 500 g
costacoffee_thesignatureblend-80g_1000x1000.png,Café Costa Coffee Mocha Italian Blend Tueste Medio Cafe Molido 30 g
costacoffee_tostadooscuro-250gr_1000x1000.png,Café Costa Coffee Descafeinado Tueste Oscuro Cafe Molido 250 g
costacoffee_tostadooscuro80gr_1000x1000.png,Café Costa Coffee Descafeinado Tueste Oscuro Cafe Molido 80 g
esc-manz-nor-pet-2l_4_2.jpg,Refresco Escuis Sabor Manzana 2 L
esc-manz-nor-pet-600ml_1.jpg,Refresco Escuis Sabor Manzana 600 ml
esc-fres-nor-pet-2l_2.jpg,Refresco Escuis Sabor Fresa 2 L
esc-fres-nor-pet-1.5l_3.jpg,Refresco Escuis Sabor Fresa 1.5 L
7_501055__327959__03_1.jpg,Refresco Escuis Sabor Fresa 600 ml
mundet_1.png,Pack Refrescos Coca-Cola + Sidral Mundet 2.5 L
7_501055__379835__03.jpg,Bebida Alcohólica Topo Chico Hard Seltzer Mango Tropical 355 ml
salvo_multiusos_900gr_40cm_1000x1000_2.png,Detergente Salvo Multiusos 900 g
komx_mx_topochico_hardseltzer_pinneapple_355ml_sleekcan_sudado_front_0622.png,Bebida Alcohólica Topo Chico Hard Seltzer Piña 355 ml
komx_mx_topochico_hardseltzer_strawberry_355ml_sleekcan_sudado_front_0622.png,Bebida Alcohólica Topo Chico Hard Seltzer Fresa-Guayaba 355 ml
komx_mx_topochico_hardseltzer_tangylemon_355ml_sleekcan_sudado_front_0622.png,Bebida Alcohólica Topo Chico Hard Seltzer Lima-Limón 355 ml
prueba_ciel_puebla.jpg,Combo Leche Santa Clara Entera 1 L + Coca-Cola Original 600 ml
pringles_queso_40g.png,Botana Pringles Queso 40 g
pringles_crema_y_cebolla_40g.png,Botana Pringles Crema y Cebolla 40 g
combo_patrio_1.png,Combo Patrio Bi Pack Coca Cola Original y Fresca Toronja 2piezas 2L + Ciel Mineral 355ML 12 latas
ciepro-natupara-ret-pet-20l-2pz.jpg,1 Garrafón (líquido) + $80 = 1 Paraguas
ciecoccolpro-natuorigsart-nor-pet-600ml-17pz.jpg,Coca-Cola 600ml + Agua Ciel 600ml + $80 = Sartén Vasconia
ciesanclapro-natunatudeslbowl-ret-pet-20l1l-9pz.jpg,Ciel Garrafón (Líquido) + Leche Santa Clara Entera 1L + $30 = Kit de Tazones 
fanta_fresca_10_-bundle_1__1.png,Combo Gamer Fresca Toronja 12 piezas 355 ml y Fanta Naranja 12 latas 355ml
p_g_1.jpg,Combo Detergente Líquido Ariel Revitacolor 800ml 1 Botella + Detergente Salvo Liquido 500 ml 1 Botella + Detergente Salvo Multiusos 900 g 1 Bolsa + Suavizante Downy Amanecer 5 en 1 730 ml 1 Botella
santa_clara_entera_choco_zucaritas_1__1.jpg,Combo Zucaritas 490 g + Choco Krispis 600g + 1CF de Leche Santa Clara Natural 12 pzas 1L
