ImageName,Nueva,,,,,,,,,,,,,
des_ades_kids_vis19_drzn_200ml_4.jpg,A soy-based AdeS drink with peach juice in a 200-mililiters cardboard carton,,,,,,,,,,,,,
des_ades_kids_vis19_mango_200ml_4.jpg,A soy-based AdeS drink with mango juice in a 200-mililiters cardboard carton,,,,,,,,,,,,,
7501005114509_0.jpg,A soy-based AdeS drink with apple juice in a 200-mililiters cardboard carton,,,,,,,,,,,,,
ps-ades-manzana-946ml-carton_2_5.jpg,A soy-based AdeS drink with apple juice in a 946-mililiters cardboard carton,,,,,,,,,,,,,
163559.png,A soy-based AdeS drink in a 946-mililiters cardboard carton,,,,,,,,,,,,,
7501005102728_0.jpg,A soy-based AdeS drink in a 946-mililiters cardboard carton,,,,,,,,,,,,,
coca-cola_caf_espresso_235ml_2.jpg,A Coca-Cola soda with Espresso Coffee in a 235-mililiters can ,,,,,,,,,,,,,
coca-cola-light-lata-235ml.png,A Coca-Cola Light soda in a 235-mililiters can ,,,,,,,,,,,,,
screenshot_157__1_2.png,A Coca-Cola Light soda in a 1.5-liters plastic bottle,,,,,,,,,,,,,
coca-cola-light-pnr-1l.png,A Coca-Cola Light soda in a 1-liter plastic bottle,,,,,,,,,,,,,
coca-cola-light-pnr-2.5l.png,A Coca-Cola Light soda in a 2.5-liters plastic bottle,,,,,,,,,,,,,
coca-cola-light-pnr-2l.png,A Coca-Cola Light soda in a 2-liters plastic bottle,,,,,,,,,,,,,
coca-cola-light-pnr-600ml.png,A Coca-Cola Light soda in a 600-mililiters plastic bottle,,,,,,,,,,,,,
225_coca-cola-light-235-ml-botella-vidrio-6p_6.jpg,A Coca-Cola Light soda in a 235-mililiters glass bottle,,,,,,,,,,,,,
coca-cola-light-vidrio-355ml.png,A Coca-Cola Light soda in a 355-mililiters glass bottle,,,,,,,,,,,,,
cceth-669-productshots__0006_cocacola_light_3_3.png,A Coca-Cola Light soda  in a 500-mililiters returnable glass bottle,,,,,,,,,,,,,
232_coca-cola-light-sin-cafeina-600-ml-botella-pet-12p_2.jpg,A Coca-Cola Light caffeine free soda in a 600-mililiters plastic bottle,,,,,,,,,,,,,
coca-cola-original-lata-235ml_2.jpg,A Coca-Cola soda with Espresso Coffee in a 235-mililiters can ,,,,,,,,,,,,,
163358.png,A Coca-Cola soda in a 355-mililiters  can ,,,,,,,,,,,,,
coca-cola-original-lata-355ml.png,A Coca-Cola soda in a 355-mililiters  can ,,,,,,,,,,,,,
coca-cola-original-pnr-1.25l.png,A Coca-Cola soda in a 1.25-liters plastic bottle,,,,,,,,,,,,,
coca-cola-original-pnr-1.75l.png,A Coca-Cola soda in a 1.75-liters plastic bottle,,,,,,,,,,,,,
163810.png,A Coca-Cola soda in a 2.5-liters plastic bottle,,,,,,,,,,,,,
coca-cola-original-pnr-2.5l.png,A Coca-Cola soda in a 2.5-liters plastic bottle,,,,,,,,,,,,,
163948.png,A Coca-Cola soda in a 2.5-liters plastic bottle,,,,,,,,,,,,,
coca-cola-original-pnr-2l.png,A Coca-Cola soda in a 2-liters plastic bottle,,,,,,,,,,,,,
coca-cola-original-pnr-355ml.png,A Coca-Cola soda in a 355-mililiters plastic bottle,,,,,,,,,,,,,
167334.png,A Coca-Cola soda in a 355-mililiters plastic bottle,,,,,,,,,,,,,
7501055372126_0.jpg,A Coca-Cola soda in a 3-liters plastic bottle,,,,,,,,,,,,,
165969_1.png,A Coca-Cola soda in a 600-mililiters plastic bottle,,,,,,,,,,,,,
ccoma_600ml_pnr_1000x1000_2_5_1.jpg,A Coca-Cola soda in a 600-mililiters plastic bottle,,,,,,,,,,,,,
167005.png,A Coca-Cola soda in a 600-mililiters plastic bottle,,,,,,,,,,,,,
7501055355587_0.jpg,A Coca-Cola soda in a 235-mililiters glass bottle,,,,,,,,,,,,,
converted_1__1_3.png,A Coca-Cola soda  in a 1.5-liters returnable plastic bottle,,,,,,,,,,,,,
cceth_0073_coca-cola-2.5l-botella-pet-retornable_1_6.png,A Coca-Cola soda Returnable in a 1.5-liters returnable plastic bottle,,,,,,,,,,,,,
coca-cola-original-vidrio-355ml.png,A Coca-Cola soda Returnable in a 1.5-liters returnable glass bottle,,,,,,,,,,,,,
coca-cola-original-vidrio-500ml.png,A Coca-Cola soda Returnable in a 1.5-liters returnable glass bottle,,,,,,,,,,,,,
ccsa_235ml_leancan_1000x1000_5_3.png,A Coca-Cola sugar free soda in a 235-mililiters  can ,,,,,,,,,,,,,
coca-cola-sin-azucar-lata-355ml-2.png,A Coca-Cola sugar free soda in a 355-mililiters  can ,,,,,,,,,,,,,
coca-cola-sin-azucar-pnr-1.5l.png,A Coca-Cola sugar free soda in a 1.5-liters plastic bottle,,,,,,,,,,,,,
coca-cola-sin-azucar-pnr-2.5l.png,A Coca-Cola sugar free soda in a 2.5-liters plastic bottle,,,,,,,,,,,,,
163897.png,A Coca-Cola sugar free soda in a 2.5-liters plastic bottle,,,,,,,,,,,,,
163378_1_1.png,A Coca-Cola sugar free soda in a 600-mililiters plastic bottle,,,,,,,,,,,,,
coca-cola-sin-azucar-pnr-600ml.png,A Coca-Cola sugar free soda in a 600-mililiters plastic bottle,,,,,,,,,,,,,
163379.png,A Coca-Cola sugar free soda in a 600-mililiters plastic bottle,,,,,,,,,,,,,
converted-2_3.png,A Coca-Cola sugar free soda  in a 355-mililiters returnable glass bottle,,,,,,,,,,,,,
cmx-90_product_shots_variety-packs_04_1_2.jpg,A Coca-Cola sugar free soda  in a 500-mililiters returnable glass bottle,,,,,,,,,,,,,
89_ciel-purificada-1.5-l-botella-pet_4.jpg,A Ciel Purified Water in a 1.5-liters plastic bottle,,,,,,,,,,,,,
750105531088_-_ciel_1lt_pet_4_1.png,A Ciel Purified Water in a 1-liter plastic bottle,,,,,,,,,,,,,
96_ciel-purificada-355-ml-botella-pet-12p_6_1.jpg,A Ciel Purified Water in a 355-mililiters plastic bottle,,,,,,,,,,,,,
7501055310487_0.jpg,A Ciel Purified Water  in a 5-liters plastic bottle,,,,,,,,,,,,,
103_ciel-purificada-600-ml-botella-pet_6.jpg,A Ciel Purified Water  in a 600-mililiters plastic bottle,,,,,,,,,,,,,
93_ciel-purificada-20-l-botella-pet-1p_5.jpg,A Ciel Purified Water in a 20-liters returnable jug,,,,,,,,,,,,,
ciel-exprim-fresa-1.5-l-botella-pet_5.jpg,A Ciel Exprim strawberry flavor water in a 1.5-liters plastic bottle,,,,,,,,,,,,,
39_ciel-exprim-fresa-1-l-botella-pet_5.jpg,A Ciel Exprim strawberry flavor water in a 1-liter plastic bottle,,,,,,,,,,,,,
45_ciel-exprim-jamaica-reposada-1.5-l-botella-pet_5.jpg,A Ciel Exprim jamaica flavor water in a 1.5-liters plastic bottle,,,,,,,,,,,,,
47_ciel-exprim-limon-1.5-l-pet-4p_4.jpg,A Ciel Exprim lemon flavor water in a 1.5-liters plastic bottle,,,,,,,,,,,,,
750105535246---exprim-limon-1lt-pet_4.jpg,A Ciel Exprim lemon flavor water in a 1-liter plastic bottle,,,,,,,,,,,,,
ciel_xprim_vis2017_pepino_pina_pet1ml_seco_3_1_6.jpg,A Ciel Exprim cucumber pineapple  flavor water in a 1-liter plastic bottle,,,,,,,,,,,,,
525_jugo-del-valle-nectar-durazno-335-ml-lata_3.jpg,A Nectar Del Valle Peach Flavor in a 355-mililiters  can ,,,,,,,,,,,,,
durazno_300_3.jpg,A Nectar Del Valle Peach Flavor in a 453-mililiters  can ,,,,,,,,,,,,,
524_jugo-del-valle-nectar-durazno-250-ml-tetra-brik-carton-10p_4.jpg,A Nectar Del Valle Peach Flavor in a 250-mililiters cardboard carton,,,,,,,,,,,,,
750105533385_0.jpg,A Nectar Del Valle Peach Flavor in a 1-liter plastic bottle,,,,,,,,,,,,,
7501055356928_0.jpg,A Nectar Del Valle Peach Flavor in a 237-mililiters plastic bottle,,,,,,,,,,,,,
60339079-ecbe-48b0-ad7a-a817010a1fb1-1_1_2.png,A Nectar Del Valle Peach Flavor in a 500-mililiters glass bottle,,,,,,,,,,,,,
32239052017_0.jpg,A Nectar Del Valle Peach Flavor in a 414-mililiters plastic bottle,,,,,,,,,,,,,
jdv_vis2017_guayaba_453ml_lata_seco_2.jpg,A Nectar Del Valle Guava Flavor in a 453-mililiters  can ,,,,,,,,,,,,,
ps-delvalle-guayaba-413ml-vidrio_3.png,A Nectar Del Valle Guava Flavor in a 413-mililiters plastic bottle,,,,,,,,,,,,,
530_jugo-del-valle-nectar-mango-335-ml-lata_1_2.jpg,A Nectar Del Valle Mango Flavor in a 355-mililiters  can ,,,,,,,,,,,,,
jdv_vis2017_mango_453ml_lata_seco_2.jpg,A Nectar Del Valle Mango Flavor in a 453-mililiters  can ,,,,,,,,,,,,,
del_valle_nectar_mango_250ml-min_4.jpg,A Nectar Del Valle Mango Flavor in a 250-mililiters cardboard carton,,,,,,,,,,,,,
253_del-valle-mango-1-l-botella-pet-6p_1_3.jpg,A Nectar Del Valle Mango Flavor in a 1-liter plastic bottle,,,,,,,,,,,,,
7501055333844_0.jpg,A Nectar Del Valle Mango Flavor in a 1-liter plastic bottle,,,,,,,,,,,,,
200a49d3-7757-4824-8ee6-a817010a1d3d-1_3.png,A Nectar Del Valle Mango Flavor in a 500-mililiters plastic bottle,,,,,,,,,,,,,
32239052000_0.jpg,A Nectar Del Valle Mango Flavor in a 413-mililiters plastic bottle,,,,,,,,,,,,,
7501055330683_0.jpg,A Del Valle Frut with Citrus Flavor juice  in a 600-mililiters plastic bottle,,,,,,,,,,,,,
dv_dv_nada_vis18_limon_1.5l_prop_seco_1__3.jpg,A Mineralized Water Del Valley lemon flavor in a 1.5-liters plastic bottle,,,,,,,,,,,,,
dv_dv_nada_vis18_naranja_1.5l_prop_seco_1_-min_1_3.jpg,A Mineralized Water Del Valley orange flavor in a 1.5-liters plastic bottle,,,,,,,,,,,,,
371_del-valle-naranja-nada-naranja-600-ml-botella-pet-12p_1_1_4.jpg,A Mineralized Water Del Valley orange flavor in a 600-mililiters plastic bottle,,,,,,,,,,,,,
4f957813-fc81-47b1-ad9b-a807011ed98c-1_2.png,A Del Valle Pulpy Orange flavor with pieces of fruit in a 400-mililiters plastic bottle,,,,,,,,,,,,,
7501055367443_0.jpg,A Del Valle Pulpy Aloe Vera flavor with pieces of fruit in a 400-mililiters plastic bottle,,,,,,,,,,,,,
fanta_lata_355_lean_1.jpg,A Fanta Orange Flavor soda in a 355-mililiters  can ,,,,,,,,,,,,,
fanta-naranja-pnr-2.5l.png,A Fanta Orange Flavor soda in a 2.5-liters plastic bottle,,,,,,,,,,,,,
fanta-naranja-pnr-2l.png,A Fanta Orange Flavor soda in a 2-liters plastic bottle,,,,,,,,,,,,,
164867.png,A Fanta Orange Flavor soda in a 2-liters plastic bottle,,,,,,,,,,,,,
fanta-naranja-pnr-3l.png,A Fanta Orange Flavor soda in a 3-liters plastic bottle,,,,,,,,,,,,,
164867.png,A Fanta Orange Flavor soda in a 3-liters plastic bottle,,,,,,,,,,,,,
396_fanta-naranja-500-ml-botella-pet_2.jpg,A Fanta Orange Flavor soda in a 500-mililiters plastic bottle,,,,,,,,,,,,,
167019.png,A Fanta Orange Flavor soda in a 600-mililiters plastic bottle,,,,,,,,,,,,,
fanta_naranja_2.5l_pet_ret_1_-min_2.jpg,A Fanta Orange Flavor soda Returnable in a 2.5-liters returnable plastic bottle,,,,,,,,,,,,,
fanta-naranja-vr-355ml.png,A Fanta Orange Flavor soda Returnable in a 355-liters returnable glass bottle,,,,,,,,,,,,,
fanta-naranja-vr-500ml.png,A Fanta Orange Flavor soda Returnable in a 500-mililiters returnable glass bottle,,,,,,,,,,,,,
fre_2018_sleek_can_355ml_seca_1_-min_2_2.jpg,A Fresca pink grapefruit flavor soda in a 355-mililiters  can ,,,,,,,,,,,,,
fresca-toronja-pnr-1.5l.png,A Fresca pink grapefruit flavor soda in a 1.5-liters plastic bottle,,,,,,,,,,,,,
164930_1.png,A Fresca pink grapefruit flavor soda in a 2.5-liters plastic bottle,,,,,,,,,,,,,
fresca-toronja-pnr-2.5l.png,A Fresca pink grapefruit flavor soda in a 2.5-liters plastic bottle,,,,,,,,,,,,,
fresca-toronja-pnr-3l.png,A Fresca pink grapefruit flavor soda in a 3-liters plastic bottle,,,,,,,,,,,,,
fresca-toronja-pnr-600ml_1_1.png,A Fresca pink grapefruit flavor soda in a 600-mililiters plastic bottle,,,,,,,,,,,,,
164947.png,A Fresca pink grapefruit flavor soda in a 600-mililiters plastic bottle,,,,,,,,,,,,,
fresca-toronja-vr-355ml.png,A Fresca pink grapefruit flavor soda  in a 355-mililiters returnable glass bottle,,,,,,,,,,,,,
komx_frutsi_250ml_manzana_2.jpg,A Frutsi Apple Flavor  in a 250-mililiters plastic bottle,,,,,,,,,,,,,
75001988_0.jpg,A Frutsi Fruit Punch Flavor in a 250-mililiters plastic bottle,,,,,,,,,,,,,
komx_frutsi_250ml_uva_1_2.jpg,A Frutsi Grape Flavor in a 250-mililiters plastic bottle,,,,,,,,,,,,,
458_fuze-tea-te-negro-con-durazno-600-ml-botella-pet-6p_4.jpg,A Fuze Tea Peach flavor tea in a 600-mililiters plastic bottle,,,,,,,,,,,,,
converted_9__1_3.png,A Fuze Tea red Fruit Flavor black tea  in a 600-mililiters plastic bottle,,,,,,,,,,,,,
461_fuze-tea-te-negro-con-limon-600-ml-botella-pet_2.jpg,A Fuze Tea  Lemon Flavor black tea in a 600-mililiters plastic bottle,,,,,,,,,,,,,
fzt_vis2018_tv_limon_pet600ml_claim_prop_sudado_1_-min_1__3.jpg,A Fuze Tea Lemon Flavor green tea in a 600-mililiters plastic bottle,,,,,,,,,,,,,
komx_mx_joya_durazno_1.5l_pet_seco_front_0420.png,A Joya Peach Flavor soda in a 1.5-liters plastic bottle,,,,,,,,,,,,,
komx_mx_joya_durazno_600ml_pet_seco_front_0420.png,A Joya Peach Flavor soda in a 600-mililiters plastic bottle,,,,,,,,,,,,,
komx_mx_joya_manzana_2.5l_pet_seco_front_0420.png,A Joya apple Flavor soda in a 2.5-liters plastic bottle,,,,,,,,,,,,,
joya_manzana_2l_desechable_2.png,A Joya apple Flavor soda in a 2-liters plastic bottle,,,,,,,,,,,,,
492_joya-manzana-355-ml-botella-vidrio_4.jpg,A Joya apple Flavor soda in a 355-mililiters glass bottle,,,,,,,,,,,,,
komx_mx_joya_ponche_2.5l_pet_seco_front_0420.png,A Joya Fruit Punch Flavor soda in a 2.5-liters plastic bottle,,,,,,,,,,,,,
converted_9__3.png,A Joya Fruit Punch Flavor soda in a 3-liters plastic bottle,,,,,,,,,,,,,
ponche_500_2.jpg,A Joya Fruit Punch Flavor soda in a 500-mililiters plastic bottle,,,,,,,,,,,,,
komx_joyapponchenuevovis_seco_600ml_1.png,A Joya Fruit Punch Flavor soda in a 600-mililiters plastic bottle,,,,,,,,,,,,,
joyaponche_600_1000x1000.png,A Joya Fruit Punch Flavor soda in a 600-mililiters plastic bottle,,,,,,,,,,,,,
joya_uva_1.5-min_1__1_2.png,A Joya Grape Flavor soda in a 1.5-liters plastic bottle,,,,,,,,,,,,,
515_joya-uva-600-ml-botella-pet_2.jpg,A Joya Grape Flavor soda in a 600-mililiters plastic bottle,,,,,,,,,,,,,
164072.png,A Monster Energy Mango Loco flavor Energy Drink in a 473-mililiters  can ,,,,,,,,,,,,,
mundet-manzana-pnr-2.5l.png,A Sidral Mundet apple flavor soda in a 2.5-liters plastic bottle,,,,,,,,,,,,,
mundet-manzana-vr-500ml.png,A Sidral Mundet apple flavor soda  in a 500-mililiters returnable glass bottle,,,,,,,,,,,,,
623_powerade-lima-limon-500-ml-pet-3p_2.jpg,A Powerade Ion 4 Lemon-Lime Flavor in a 500-mililiters plastic bottle,,,,,,,,,,,,,
pwd_vis2018_moras_pet1l_prop_seca-min_1__3_1.jpg,A Powerade Ion 4 Blackberry Flavor in a 1-liter plastic bottle,,,,,,,,,,,,,
pwd_moras_600ml_prop_seca-min_1_3_1.jpg,A Powerade Ion 4 Blackberry Flavor in a 600-mililiters plastic bottle,,,,,,,,,,,,,
pwd_vis2018_naranja_pet1l_prop_seca-min_1_3_1.jpg,A Powerade Ion 4 orange flavor in a 1-liter plastic bottle,,,,,,,,,,,,,
pwd_naranja_500ml_prop_seca-min_1__3_1.jpg,A Powerade Ion 4 orange flavor in a 500-mililiters plastic bottle,,,,,,,,,,,,,
7501055317660_1_.png,A Powerade Ion 4 fruit punch flavor in a 1-liter plastic bottle,,,,,,,,,,,,,
7501055329298_0.jpg,A Powerade Ion 4 fruit punch flavor in a 500-mililiters plastic bottle,,,,,,,,,,,,,
7501055310784_1_.png,A Powerade Ion 4 fruit punch flavor in a 600-mililiters plastic bottle,,,,,,,,,,,,,
7501295600638_0.jpg,A Santa Clara capuccino ice cream flavor milk in a 200-mililiters cardboard carton,,,,,,,,,,,,,
7501295600614_0.jpg,A Santa Clara chocolate ice cream flavor milk  in a 200-mililiters cardboard carton,,,,,,,,,,,,,
7501295600621_0.jpg,A Santa Clara strawberry ice cream flavor milk in a 200-mililiters cardboard carton,,,,,,,,,,,,,
7501295600126_0.jpg,A Santa Clara regular milk  in a 1-liter cardboard carton,,,,,,,,,,,,,
7501295600157_0.jpg,A Santa Clara lactose-free milk in a 1-liter cardboard carton,,,,,,,,,,,,,
7501055349005_0.jpg,A Santa clara lactose free light milk  in a 1-liter cardboard carton,,,,,,,,,,,,,
7501295600140_0.jpg,A Santa clara light milk  in a 1-liter cardboard carton,,,,,,,,,,,,,
sprite-limon-lata-355ml.png,A Sprite Sodan lemon lime flavor in a 355-mililiters  can ,,,,,,,,,,,,,
sprite-limon-pnr-1.5l.png,A Sprite Sodan lemon lime flavor in a 1.5-liters plastic bottle,,,,,,,,,,,,,
sprite-limon-pnr-2.5l.png,A Sprite Sodan lemon lime flavor in a 2.5-liters plastic bottle,,,,,,,,,,,,,
sprite-limon-pnr-2l.png,A Sprite Sodan lemon lime flavor in a 2-liters plastic bottle,,,,,,,,,,,,,
sprite-limon-pnr-3l.png,A Sprite Sodan lemon lime flavor in a 3-liters plastic bottle,,,,,,,,,,,,,
sprite-limon-pnr-500ml.png,A Sprite Sodan lemon lime flavor in a 500-mililiters plastic bottle,,,,,,,,,,,,,
sprite-limon-pnr-600ml.png,A Sprite Sodan lemon lime flavor in a 600-mililiters plastic bottle,,,,,,,,,,,,,
167021.png,A Sprite Sodan lemon lime flavor in a 600-mililiters plastic bottle,,,,,,,,,,,,,
converted_25__2.png,A Sprite Sodan lemon lime flavor  in a 2.5-liters returnable plastic bottle,,,,,,,,,,,,,
sprite-limon-vr-355ml.png,A Sprite Sodan lemon lime flavor  in a 355-mililiters returnable glass bottle,,,,,,,,,,,,,
sprite-limon-vr-500ml.png,A Sprite Sodan lemon lime flavor  in a 500-mililiters returnable glass bottle,,,,,,,,,,,,,
tch_vis2018_pet_1.5l_seca.jpg,A Topo Chico mineraized water   in a 1.5-liters plastic bottle,,,,,,,,,,,,,
topochico_600_ml_4.jpg,A Topo Chico mineral water in a 600-milliliters plastic bottle,,,,,,,,,,,,,
814_vitamin-water-energy-500-ml-pet-2p_2.jpg,A Vitamainwater tropical citrus flavor water in a 500-milliliters plastic bottle,,,,,,,,,,,,,
815_vitamin-water-power-500-ml-pet_2.jpg,A Vitamainwater power-C dragonfruit flavor water in a 500-milliliters plastic bottle,,,,,,,,,,,,,
823_vitaminwater-restore-ponche-de-frutas-500-ml-botella-pet-6p_2.jpg,A Vitamainwater restore fruit punch flavor water in a 500-milliliters plastic bottle,,,,,,,,,,,,,
ades_almendras_946_ml.jpg,A Ades almond milk  in a 946-milliliters cardboard carton,,,,,,,,,,,,,
22_ciel-jamaica-600-ml-botella-pet-6p_4.jpg,A Ciel Exprim flavor jamaica water in a 600-milliliters plastic bottle,,,,,,,,,,,,,
48_ciel-exprim-limon-600-ml-pet_4.jpg,A Ciel Exprim flavor lemon water in a 600-milliliters plastic bottle,,,,,,,,,,,,,
7501055356898_0.jpg,A Nectar Del Valle flavor mango  in a 237-milliliters plastic bottle,,,,,,,,,,,,,
del-valle-limon-nada-600ml-pet.jpg,A Del Valle lemon flavor mineralized water in a 600-milliliters plastic bottle,,,,,,,,,,,,,
converted_22__2.png,A Fanta Orange Flavor soda Returnable in a 1.5-liters returnable plastic bottle,,,,,,,,,,,,,
567_monster-lata-aluminio_3.jpg,A Monster Energy Energy Drink in a 473-milliliters  can ,,,,,,,,,,,,,
599_powerade-ion4-lima-limon-1-l-botella-pet_3.jpg,A Powerade Ion 4 Lemon-Lime Flavor in a 1-liter plastic bottle,,,,,,,,,,,,,
7501055329267_0.jpg,A Powerade Ion 4 Blackberry Flavor in a 500-milliliters plastic bottle,,,,,,,,,,,,,
sc_yogurth_batido_125g_vis2019_0006_fresa_2.jpg,A Santa Clara yogurt with strawberry in a 125-grams plastic container,,,,,,,,,,,,,
sc_yogurth_batido_125g_vis2019_0007_manzana_2.jpg,A Santa Clara yogurt with apple  in a 125-grams plastic container,,,,,,,,,,,,,
mundet-manzana-pnr-600ml.png,A Sidral Mundet apple flavor soda in a 600-milliliters plastic bottle,,,,,,,,,,,,,
sprite_ps_sinazucar_600ml_pet_seco._1_-1_2.png,A Sprite sugar free soda in a 600-milliliters plastic bottle,,,,,,,,,,,,,
jugo-ades-naranja-946ml_2.jpg,A soy-based Ades with orange juice in a 946-milliliters cardboard carton,,,,,,,,,,,,,
7501055336425_0.jpg,A Del Valle fruit with citurs flavor juice in a 2-liters plastic bottle,,,,,,,,,,,,,
fresca-toronja-pnr-2l.png,A Fresca pink grapefruit flavor soda in a 2-liters plastic bottle,,,,,,,,,,,,,
163606.png,A Fresca pink grapefruit flavor soda in a 2-liters plastic bottle,,,,,,,,,,,,,
mundet-manzana-pnr-2l.png,A Sidral Mundet apple flavor soda in a 2-liters plastic bottle,,,,,,,,,,,,,
mundet-manzana-vr-355ml.png,A Sidral Mundet apple flavor soda  in a 355-milliliters returnable glass bottle,,,,,,,,,,,,,
163881.png,A Powerade Ion 4 Lemon-Lime Flavor in a 600-milliliters plastic bottle,,,,,,,,,,,,,
613_powerade-ion4-naranja-mandarina-600-ml-botella-pet-6p_2.jpg,A Powerade Ion 4 orange Flavor in a 600-milliliters plastic bottle,,,,,,,,,,,,,
ps-ades-guanabana-946ml-carton_1_3.jpg,A soy-based AdeS drink with soursop pulp in a 946-milliliters cardboard carton,,,,,,,,,,,,,
coca-cola-light-lata-355ml-2.png,A Coca cola light soda in a 355-milliliters  can ,,,,,,,,,,,,,
ccl_vis2017_pet1_25l_botella_prop_seco_1_-min_1_2.jpg,A Coca cola light soda in a 1.25-liters plastic bottle,,,,,,,,,,,,,
163804.png,A Coca cola soda in a 1.5-liters plastic bottle,,,,,,,,,,,,,
coca-cola-original-pnr-1.5l.png,A Coca cola soda in a 1.5-liters plastic bottle,,,,,,,,,,,,,
163865.png,A Coca cola soda in a 1.5-liters plastic bottle,,,,,,,,,,,,,
coca-cola-original-pnr-1l.png,A Coca cola soda in a 1-liters plastic bottle,,,,,,,,,,,,,
coca-cola-original-pnr-500ml.png,A Coca cola soda in a 500-milliliters plastic bottle,,,,,,,,,,,,,
239_coca-cola-sin-azucar-235ml-lata-24-p_3.jpg,A Coca cola free sugar soda in a 235-milliliters  can ,,,,,,,,,,,,,
ciel-mineralizada-355ml-lata.png,A Ciel mineralized water in a 355-milliliters  can ,,,,,,,,,,,,,
7501055305742_0.jpg,A Ciel mineralized water in a 2-liters plastic bottle,,,,,,,,,,,,,
cie_ecoblue_mn_pet600ml_front.jpg,A Ciel mineralized water in a 600-milliliters plastic bottle,,,,,,,,,,,,,
44_ciel-exprim-jamaica-reposada-1-l-botella-pet-6p_1_4.jpg,A Ciel Exprim flavor jamaica water in a 6-liter plastic bottle,,,,,,,,,,,,,
ciel_xprim_vis2018_pi_a_jengibre_pet1ml_seco_1_optimized_4.jpg,A Ciel Exprim pineapple ginger water in a 1-liter plastic bottle,,,,,,,,,,,,,
528_jugo-del-valle-nectar-durazno-946-ml-pet_2_2.jpg,A Nectar Del valle peach Flavor in a 946-milliliters cardboard carton,,,,,,,,,,,,,
7501055356799_0.jpg,A Nectar Del valle orange flavor in a 946-milliliters cardboard carton,,,,,,,,,,,,,
247_del-valle-arandano-1-l-botella-pet-4p_2.jpg,A Nectar Del Valle Antiox apple flavor with blueberry in a 1-liters plastic bottle,,,,,,,,,,,,,
converted_2__3.png,A Nectar Del Valle Antiox apple flavor with blueberry in a 237-milliliters plastic bottle,,,,,,,,,,,,,
dvf_vis2017_manzana_pet355ml_prop_seco_1_2.jpg,A Del valle Frut with apple juice flavor in a 355-milliliters plastic bottle,,,,,,,,,,,,,
dv_dv_nada_vis18_naranja_nada_masmango_600ml_prop_seco_optimized_2.jpg,A Del Valle orange flavor mineralized flavor in a 600-milliliters plastic bottle,,,,,,,,,,,,,
delaware_lata_1.png,A Delaware punch grape flavor soda in a 355-milliliters  can ,,,,,,,,,,,,,
delaware-punch-botella-600ml_2.jpg,A Delaware punch grape flavor soda in a 600-milliliters plastic bottle,,,,,,,,,,,,,
fanta-fresa-pnr-1.5l.png,A Fanta strawberry flavor soda in a 1.5-liters plastic bottle,,,,,,,,,,,,,
fanta-fresa-pnr-1.75l.png,A Fanta strawberry flavor soda in a 1.75-liters plastic bottle,,,,,,,,,,,,,
fanta-fresa-pnr-400ml.png,A Fanta strawberry flavor soda in a 400-milliliters plastic bottle,,,,,,,,,,,,,
fanta-fresa-pnr-600ml.png,A Fanta strawberry flavor soda in a 600-milliliters plastic bottle,,,,,,,,,,,,,
fanta-naranja-pnr-1.5l.png,A Fanta orange flavor soda in a 1.5-liters plastic bottle,,,,,,,,,,,,,
fanta-naranja-pnr-250ml.png,A Fanta orange flavor soda in a 250-milliliters plastic bottle,,,,,,,,,,,,,
fanta-naranja-pnr-400ml.png,A Fanta orange flavor soda in a 400-milliliters plastic bottle,,,,,,,,,,,,,
fresca-toronja-pnr-1l.png,A Fresca pinke grapefruit flavor soda in a 1-liters plastic bottle,,,,,,,,,,,,,
fresca-toronja-pnr-400ml.png,A Fresca pinke grapefruit flavor soda in a 400-milliliters plastic bottle,,,,,,,,,,,,,
163247.png,A Monster Energy low carb energy drink  in a 473-milliliters  can ,,,,,,,,,,,,,
mundet-manzana-lata-355ml.png,A Sidral Mundet apple flavor soda in a 355-milliliters  can ,,,,,,,,,,,,,
mundet-manzana-pnr-1.5l.png,A Sidral Mundet apple flavor soda in a 1.5-liters plastic bottle,,,,,,,,,,,,,
mundet-manzana-pnr-400ml.png,A Sidral Mundet apple flavor soda in a 400-milliliters plastic bottle,,,,,,,,,,,,,
pwd_uva_500ml_prop_seca_optimized_2.jpg,A Powerade Ion 4 grape flavor in a 4-milliliters plastic bottle,,,,,,,,,,,,,
senzao-guarana-pnr-600ml.png,A Sanzao in a 600-milliliters plastic bottle,,,,,,,,,,,,,
sprite-limon-pnr-1.75l.png,A Sprite soda in a 1.75-liters plastic bottle,,,,,,,,,,,,,
sprite-limon-pnr-1l.png,A Sprite soda in a 1-liters plastic bottle,,,,,,,,,,,,,
sprite-limon-pnr-250ml.png,A Sprite soda in a 250-milliliters plastic bottle,,,,,,,,,,,,,
sprite-limon-pnr-400ml.png,A Sprite soda in a 400-milliliters plastic bottle,,,,,,,,,,,,,
826_vitaminwater-xxxarandanomoraazulgranada500ml-botella-pet_3.jpg,A Vitamainwater blackberry pomegranate flavor water in a 500-milliliters plastic bottle,,,,,,,,,,,,,
825_vitaminwater-vital-naranja-naranja-500-ml-botella-pet_3.jpg,A Vitamainwater orange flavor water in a 500-milliliters plastic bottle,,,,,,,,,,,,,
fresca-toronja-vr-500ml.png,A Fresca pink grapefruit soda  in a 500-milliliters returnable glass bottle,,,,,,,,,,,,,
167207.png,A Del Valle with citrus flavor juice in a 3-liters plastic bottle,,,,,,,,,,,,,
7501055330812_0.jpg,A Del Valle with citrus flavor juice in a 3-liters plastic bottle,,,,,,,,,,,,,
ps_ciel_3l_sinasa_4.jpg,A Ciel purified water in a 3-liters plastic bottle,,,,,,,,,,,,,
795_valle-frut-ponche-de-citricos-1.5-l-botella-pet_2.jpg,A Del Valle with citrus flavor juice in a 1.5-liters plastic bottle,,,,,,,,,,,,,
converted_16__4_1.png,A Del Valle with citrus flavor juice in a 1-liters plastic bottle,,,,,,,,,,,,,
fanta-naranja-pnr-1l.png,A Fanta orange flavor juice in a 1-liters plastic bottle,,,,,,,,,,,,,
ccoma_400ml_pnr_1000x1000_4.jpg,A Coca cola soda in a 400-milliliters plastic bottle,,,,,,,,,,,,,
469_fuze-tea-mango-manzanilla-600-ml-pet_2.jpg,A Fuze tea apple and chamomile green tea in a 600-milliliters plastic bottle,,,,,,,,,,,,,
pwd_uva_600ml_prop_seca-min_3.jpg,A Powerade Ion 4 grape flavor in a 600-milliliters plastic bottle,,,,,,,,,,,,,
163550.png,A Powerade Ion 4 grape flavor in a 600-milliliters plastic bottle,,,,,,,,,,,,,
cmx-89_product_shots_01_4.png,A Coca cola soda   in a 2-liters returnable plastic bottle,,,,,,,,,,,,,
des_ades_kids_vis19_uva_200ml_4.jpg,A soy-based AdeS drink with grape juice in a 200-milliliters cardboard carton,,,,,,,,,,,,,
coca-cola-original-pnr-250ml.png,A Cocal cola soda  in a 250-milliliters plastic bottle,,,,,,,,,,,,,
750105530245_-_cc_original_1lt_pet_3300x5100_2_2.jpg,A Coca cola soda   in a 1-liters returnable plastic bottle,,,,,,,,,,,,,
coca-cola-light-botella-355ml_2.jpg,A Coca cola light soda in a 355-milliliters plastic bottle,,,,,,,,,,,,,
7501055320660_0.jpg,A Coca cola sugar free soda in a 2-liters plastic bottle,,,,,,,,,,,,,
750105534923_0_1.jpg,A Coca cola sugar free soda in a 300-milliliters plastic bottle,,,,,,,,,,,,,
fanta-naranja-pnr-300ml.png,A Fanta orange flavor soda in a 300-milliliters plastic bottle,,,,,,,,,,,,,
fresca-toronja-pnr-500ml.png,A Fresca pink grapefruit flavor soda in a 500-milliliters plastic bottle,,,,,,,,,,,,,
7501055358106_0.jpg,A Santa clara chocolate ice cream flavor milk  in a 250-milliliters plastic bottle,,,,,,,,,,,,,
7501295600713_0.jpg,A Santa Clara vanilla ice cream flavor milk in a 200-milliliters cardboard carton,,,,,,,,,,,,,
mundet-manzana-pnr-300ml.png,A Sidral mundet apple flavor soda in a 300-milliliters plastic bottle,,,,,,,,,,,,,
113_coca-cola-300-ml-pet_4.jpg,A Coca cola soda in a 300-milliliters plastic bottle,,,,,,,,,,,,,
7501055368761_0.jpg,A Coca cola energy soda in a 235-milliliters  can ,,,,,,,,,,,,,
7501295600607_0.jpg,A Santa Clara regular milk  in a 200-milliliters cardboard carton,,,,,,,,,,,,,
7501055363513_-_ades_coco_946ml_tetra_4.jpg,A soy-based AdeS coconut flavor drink  in a 946-milliliters cardboard carton,,,,,,,,,,,,,
des_ades_kids_vis19_nrja_200ml_4.jpg,A soy-based AdeS drink with orange juice in a 200-milliliters cardboard carton,,,,,,,,,,,,,
147_coca-cola-235-ml-lata-aluminio-24p_4.jpg,A Coca cola soda in a 235-milliliters  can ,,,,,,,,,,,,,
537_jugo-del-valle-nectar-pina-335-ml-lata_2.jpg,A Nectar Del Valle pineapple flavor in a 335-milliliters  can ,,,,,,,,,,,,,
748_sprite-zero-355-ml-lata-4p_2.jpg,A Sprite free sugar soda in a 355-milliliters  can ,,,,,,,,,,,,,
spite-sa-355ml-lata.png,A Sprite free sugar soda in a 355-milliliters  can ,,,,,,,,,,,,,
refresco-topo-chico-sangria-600ml_2.png,A Topo chico sangaree flavor soda in a 600-milliliters plastic bottle,,,,,,,,,,,,,
refresco-topo-chico-sangria-1.5l_2.png,A Topo chico sangaree flavor soda in a 1.5-liters plastic bottle,,,,,,,,,,,,,
163246.png,A Monster Energy ultra Zero energy drink  in a 473-milliliters  can ,,,,,,,,,,,,,
joya_ponchefrutas_1000x1000_65_.png,A Joya Fruit Punch Flavor soda in a 1.5-liters plastic bottle,,,,,,,,,,,,,
te-negro-fuze-tea-limon-600ml_2.jpg,A Fuze Tea Lemon Flavor black tea in a 1-liters plastic bottle,,,,,,,,,,,,,
aa9c466e-92da-4131-8a4b-a7f50182c66b_p000_optimized.png,A Del Valle Nectar clarified apple flavor juice in a 413-milliliters plastic bottle,,,,,,,,,,,,,
del-valle-manzana-clarificado-botella-250ml.jpg,A Del Valle Nectar clarified apple flavor in a 250-milliliters cardboard carton,,,,,,,,,,,,,
del-valle-manzana-botella-413ml.jpg,A Del Valle apple nectar in a 413-milliliters plastic bottle,,,,,,,,,,,,,
7501055354696_0.jpg,A Coca cola sugar free soda in a 235-milliliters glass bottle,,,,,,,,,,,,,
fresca-toronja-lata-355ml.png,A Fresca pink grapefruit flavor soda in a 355-milliliters  can ,,,,,,,,,,,,,
fresca-toronja-pnr-300ml.png,A Fresca pink grapefruit flavor soda in a 300-milliliters plastic bottle,,,,,,,,,,,,,
sprite-limon-pnr-300ml.png,A Sprite soda in a 300-milliliters plastic bottle,,,,,,,,,,,,,
ccoma_450ml_pnr_1000x1000.jpg,A Coca cola soda in a 450-milliliters plastic bottle,,,,,,,,,,,,,
163382.png,A Coca cola soda in a 450-milliliters plastic bottle,,,,,,,,,,,,,
del-valle-clarificado-manzana-237ml-pet.png,A Del Valle Nectar clarified apple flavor juice in a 237-milliliters plastic bottle,,,,,,,,,,,,,
mundet-manzana-pnr-500ml.png,A Sidral Mundet apple flavor soda in a 500-milliliters plastic bottle,,,,,,,,,,,,,
del-valle-clarificado-manzana-pet-500ml-_4_.jpg,A Del Valle Nectar clarified apple flavor juice in a 500-milliliters plastic bottle,,,,,,,,,,,,,
255_del-valle-manzana-1-l-botella-pet-6p.jpg,A Del Valle Nectar clarified apple flavor juice in a 1-liters plastic bottle,,,,,,,,,,,,,
7501295650145_0.jpg,A Santa Clara natural cream  in a 225-milliliters plastic container,,,,,,,,,,,,,
7501055374571_0_3.jpg,A Santa Clara natural cream  in a 420-milliliters plastic container,,,,,,,,,,,,,
7501055361205_0.jpg,A Santa Clara drinkable yogurt with guava in a 235-grams plastic bottle,,,,,,,,,,,,,
7501055361212_0.jpg,A Santa Clara drinkable yogurt with mango in a 235-grams plastic bottle,,,,,,,,,,,,,
7501055361229_0.jpg,A Santa Clara drinkable yogurt with apple in a 235-grams plastic bottle,,,,,,,,,,,,,
7501055361182_0.jpg,A Santa Clara drinkable yogurt with peach in a 235-grams plastic bottle,,,,,,,,,,,,,
yogurt_batido_con_fresa_125_g.jpg,A Santa Clara smoothie yogurt with strawberry in a 125-grams plastic container,,,,,,,,,,,,,
7501055361199_0.jpg,A Santa Clara drinkable yogurt with strawberry in a 235-grams plastic bottle,,,,,,,,,,,,,
sc_yogurth_batido_125g_vis2019_0005_guaya.jpg,A Santa Clara smoothie yogurt with guava in a 125-grams plastic container,,,,,,,,,,,,,
sc_yogurth_batido_125g_vis2019_0002_mango.jpg,A Santa Clara smoothie yogurt with mango in a 125-grams plastic container,,,,,,,,,,,,,
topochico-hard-seltzer-strawberry-guava-355ml.png,A Topo Chico hard seltzer strawberry guava flavor in a 355-milliliters  can ,,,,,,,,,,,,,
topochico-hard-seltzer-tangy-lemon-lime-355ml.png,A Topo Chico hard seltzer lemon lime flavor in a 355-milliliters  can ,,,,,,,,,,,,,
topochico-hard-seltzer-pineapple-twist-pina-355ml.png,A Topo Chico hard seltzer pineapple flavor in a 355-milliliters  can ,,,,,,,,,,,,,
coca-cola-original-pnr-355ml_6.png,A Coca Cola soda in a 355-milliliters plastic bottle,,,,,,,,,,,,,
topochi_twist_toronja_pet_600ml.jpg,A Topo Chico Twiss pink grapefruit flavor mineral water in a 600-milliliters plastic bottle,,,,,,,,,,,,,
topochi_twist_limon_pet_600ml.jpg,A Topo Chico twist lemon flavor mineral water in a 600-milliliters plastic bottle,,,,,,,,,,,,,
sidral-mundet-manzana-durazno-2l.jpg,A Sidral Mundet apple peach flavor soda in a 2-liters plastic bottle,,,,,,,,,,,,,
sidral-mundet-manzana-durazno-600ml.jpg,A Sidral Mundet apple peach flavor soda in a 600-milliliters plastic bottle,,,,,,,,,,,,,
0750105530533l_4.jpg,A Coca cola light soda in a 500-milliliters plastic bottle,,,,,,,,,,,,,
coca-cola_caf_caramel_235ml.jpg,A Coca Cola soda with caramelo coffee in a 235-milliliters  can ,,,,,,,,,,,,,
coca-cola_caf_vainilla_235ml.jpg,A Coca Cola soda with vanilla coffee in a 235-milliliters  can ,,,,,,,,,,,,,
costacoffee_1kg_full_image_1_2.jpg,A Café Cosata Mocha Italia whole bean coffe in a 1-kilograms aliminum bag,,,,,,,,,,,,,
costa-500_1_1.png,A Café Cosata Mocha Italia ground coffe in a 500-grams aliminum bag,,,,,,,,,,,,,
sc_qc_345x350_thumb.jpg,A Santa Clara natural cottage cheese in a 380-milliliters plastic container,,,,,,,,,,,,,
nectar-del-valle-manzana-946-ml.jpg,A Nectar Del valle apple flavor  in a 946-milliliters cardboard carton,,,,,,,,,,,,,
nectar-del-valle-manzana-clarificado-946-ml.jpg,A Del Valle Nectar clarified apple flavor  in a 946-milliliters cardboard carton,,,,,,,,,,,,,
7501055349609_0.jpg,A Coca cola soda in a 235-milliliters plastic bottle,,,,,,,,,,,,,
7501055320622_0_1.jpg,A Coca cola sugar free soda in a 355-milliliters  can ,,,,,,,,,,,,,
7501055356256_0_1.jpg,A Coca cola sugar free soda in a 355-milliliters plastic bottle,,,,,,,,,,,,,
del_valle_jugo_de_manzana_946_ml.jpg,A Del Valle 100% apple flavor fruit juice in a 100-milliliters cardboard carton,,,,,,,,,,,,,
7501055359578_0.jpg,A Del Valle 100% orange flavor fruit juice in a 100-milliliters cardboard carton,,,,,,,,,,,,,
dv_100_manzana_237ml_pet_seca_1.jpg,A Nectar Del valle apple flavor  in a 237-milliliters plastic bottle,,,,,,,,,,,,,
del_valle_lata_2.png,A Nectar Del valle apple flavor  in a 335-milliliters  can ,,,,,,,,,,,,,
del_vale_pina_1_1.png,A Nectar Del valle pineapple flavor  in a 1-liters plastic bottle,,,,,,,,,,,,,
fanta_fresa.png,A Fanta strawberry flavor soda in a 1-liters plastic bottle,,,,,,,,,,,,,
fanta_fresa_2l.png,A Fanta strawberry flavor soda in a 2-liters plastic bottle,,,,,,,,,,,,,
fanta_fresa_3l.png,A Fanta strawberry flavor soda in a 3-liters plastic bottle,,,,,,,,,,,,,
mundet_1l.png,A Sidral Mundet apple flavor soda in a 1-liters plastic bottle,,,,,,,,,,,,,
7501055340422_1_1__1.jpg,A Sidral Mundet apple flavor soda in a 3-liters plastic bottle,,,,,,,,,,,,,
1816_chubby_frutales_vallefrut.jpeg,A Del Valle fruit with citurs flavor juice in a 250-milliliters plastic bottle,,,,,,,,,,,,,
cceth-bundle-ciel-moras-kof_1_.png,A Ciel Moral carbonated water in a 600-milliliters plastic bottle,,,,,,,,,,,,,
7_501055__368617__03zzz.jpg,A Del Valle fruit with citurs flavor juice  in a 2-liters returnable plastic bottle,,,,,,,,,,,,,
cceth-ccoriginal_1.png,A Coca Cola soda in a 355-milliliters  can ,,,,,,,,,,,,,
cceth-ccl_1.png,A Coca cola light soda in a 355-milliliters  can ,,,,,,,,,,,,,
pwd_fit_arandano_500ml_thumb.jpg,A Powerade Fit blueberry flavor  in a 500-milliliters plastic bottle,,,,,,,,,,,,,
cceth-cielsifon_1.png,A Ciel mineralized water in a 1-liters plastic bottle,,,,,,,,,,,,,
cceth-cielmineralizada-235_1.png,A Ciel mineralized water in a 235-milliliters  can ,,,,,,,,,,,,,
7501055335305_coca_cola_original_1.25lt_vidrio_ret_-_producto_nom-051_2000x2000.jpg,A Coca Cola soda in a 1.25-liters plastic bottle,,,,,,,,,,,,,
ccethsprite235_1.png,A Sprite soda in a 235-milliliters  can ,,,,,,,,,,,,,
163982.png,A Fanta mysterious flavor soda in a 600-milliliters plastic bottle,,,,,,,,,,,,,
fanta_misterio_1000x1000px.png,A Fanta mysterious flavor soda in a 600-milliliters plastic bottle,,,,,,,,,,,,,
cceth-sidral2l.png,A Sidral Mundet ligth apple flavor soda in a 2-liters plastic bottle,,,,,,,,,,,,,
cceth-sidral400ml.png,A Sidral Mundet ligth apple flavor soda in a 400-milliliters plastic bottle,,,,,,,,,,,,,
cceth-sidral235ml.png,A Sidral Mundet apple flavor soda in a 235-milliliters  can ,,,,,,,,,,,,,
cceth-yoli-600.png,A Yoli lemon flavor soda in a 600-milliliters plastic bottle,,,,,,,,,,,,,
cceth-yoli.png,A Yoli lemon flavor soda in a 2-liters plastic bottle,,,,,,,,,,,,,
cceth-ameyal.png,A Ameyal strawberry kiwi flavor soda in a 2-liters plastic bottle,,,,,,,,,,,,,
750105534955_1.jpg,A Coca cola sugar free soda in a 1.75-liters plastic bottle,,,,,,,,,,,,,
cceth-spritesa400ml_1.png,A Sprite sugar free soda in a 400-milliliters plastic bottle,,,,,,,,,,,,,
limonada_hierbabuena_1.png,A Lemonade with peppermint in a 330-milliliters  can ,,,,,,,,,,,,,
167721.png,A Hi-C peach flavor in a 250-milliliters cardboard carton,,,,,,,,,,,,,
167719.png,A Hi-C apple flavor in a 250-milliliters cardboard carton,,,,,,,,,,,,,
163677.png,A Dasani purified water in a 600-milliliters plastic bottle,,,,,,,,,,,,,
163455.png,A Dasani purified water in a 1-liters plastic bottle,,,,,,,,,,,,,
163360.png,A Fresca pink grapefruit flavor soda in a 354-milliliters  can ,,,,,,,,,,,,,
167971.png,A Fresca pink grapefruit flavor soda in a 354-milliliters  can ,,,,,,,,,,,,,
162262.png,A Fanta grape flavor soda in a 355-milliliters plastic bottle,,,,,,,,,,,,,
164866.png,A Fanta grape flavor soda in a 3-liters plastic bottle,,,,,,,,,,,,,
167020.png,A Fanta grape flavor soda in a 600-milliliters plastic bottle,,,,,,,,,,,,,
163976.png,A Fanta grape flavor soda in a 2-liters plastic bottle,,,,,,,,,,,,,
163932.png,A Falta multifruit flavor soda in a 600-milliliters plastic bottle,,,,,,,,,,,,,
163931.png,A Falta multifruit flavor soda in a 2-liters plastic bottle,,,,,,,,,,,,,
163957_2.png,A Power cherry flavor water in a 600-milliliters plastic bottle,,,,,,,,,,,,,
163958_1_1.png,A Power mango flavor water in a 600-milliliters plastic bottle,,,,,,,,,,,,,
163446.png,A Fuze Tea peach flavor black tea in a 500-milliliters plastic bottle,,,,,,,,,,,,,
166800.png,A Fuze Tea peach flavor black tea in a 2.5-liters plastic bottle,,,,,,,,,,,,,
168491.png,A Fuze Tea Lemon Flavor black tea in a 500-milliliters plastic bottle,,,,,,,,,,,,,
163697.png,A Fuze tea mango flavor green tea in a 500-milliliters plastic bottle,,,,,,,,,,,,,
167001.png,A Powerade orange tangerine flavor in a 600-milliliters plastic bottle,,,,,,,,,,,,,
167003.png,A Powerade blue avalanche flavor in a 600-milliliters plastic bottle,,,,,,,,,,,,,
167970.png,A Fanta orange flavor soda in a 354-milliliters  can ,,,,,,,,,,,,,
162257.png,A Fanta orange flavor soda in a 355-milliliters plastic bottle,,,,,,,,,,,,,
167002.png,A Del Valle Frest citrus flavor juice in a 500-milliliters plastic bottle,,,,,,,,,,,,,
167972.png,A Sprite soda in a 354-milliliters  can ,,,,,,,,,,,,,
163417.png,A Coca cola sugar free soda in a 237-milliliters  can ,,,,,,,,,,,,,
167968.png,A Coca cola soda in a 354-milliliters  can ,,,,,,,,,,,,,
167028.png,A Powerade fruit punch flavor in a 600-milliliters plastic bottle,,,,,,,,,,,,,
163248.png,A Monster Khaos energized juice in a 473-milliliters  can ,,,,,,,,,,,,,
ydray-garrafon-ciel-19l-lleno_2__1.jpg,A Ciel purified water  in a 19-liters returnable jug,,,,,,,,,,,,,
yoli-2l_1__1.png,A Yoli lemon flavor soda in a 2-liters plastic bottle,,,,,,,,,,,,,
agua-taxco-2l_1_.png,A Taxco mineral water in a 2-liters plastic bottle,,,,,,,,,,,,,
agua-taxco-1l_1_.png,A Taxco mineral water in a 1-liters plastic bottle,,,,,,,,,,,,,
fuze_tea_1.png,A Fuze Tea apple cinnamon flavor  in a 600-milliliters plastic bottle,,,,,,,,,,,,,
7_501055__368587__03.jpg,A Coca cola sugar free soda  in a 2.5-liters returnable plastic bottle,,,,,,,,,,,,,
7_501055__368631__03z.jpg,A Fresca pink grapefruit flavor soda in a 2.5-liters plastic bottle,,,,,,,,,,,,,
mundet-manzana-pnr-2.5l_4.png,A Sidral Mundet apple flavor soda in a 2.5-liters plastic bottle,,,,,,,,,,,,,
mundet_15.jpg,A Sidral Mundet apple flavor soda in a 1.5-liters plastic bottle,,,,,,,,,,,,,
delaware-punch-botella-250ml_2_1.jpg,A Delaware Punch grape flavor soda in a 250-milliliters plastic bottle,,,,,,,,,,,,,
750105537000_0.jpg,A Coca cola light soda in a 1.75-liters plastic bottle,,,,,,,,,,,,,
garrafon20litrosnew.jpg,A Cristal purified water  in a 20-liters returnable jug,,,,,,,,,,,,,
cristal_negra.png,A Cristal  black cider flavor soda in a 2.5-liters plastic bottle,,,,,,,,,,,,,
cristal_cebada.png,A Cristal  barley flavor soda in a 2.5-liters plastic bottle,,,,,,,,,,,,,
750105536867_0_1.jpg,A Coca Cola sugar free soda in a 235-milliliters plastic bottle,,,,,,,,,,,,,
santa_clara_choc_2.png,A Santa Clara triple chocolate ice cream flavor milk  in a 250-milliliters plastic bottle,,,,,,,,,,,,,
choc_menta_sc_2.png,A Santa Clara mint icre cream flavor milk  in a 250-milliliters plastic bottle,,,,,,,,,,,,,
fresa_santa_clara.png,A Santa Clara strawberry icre cream flavor milk  in a 250-milliliters plastic bottle,,,,,,,,,,,,,
cceth-naranjaynada-1l_2_.png,A Del Valle Naranja&Nada orange flavor mineralized water in a 2-liters plastic bottle,,,,,,,,,,,,,
750105534219---valle-frut-citrus-355ml-pet_2_1_1.jpg,A Del Valle Fruit with citrus flavor juice in a 355-milliliters plastic bottle,,,,,,,,,,,,,
pwd_fit_menta_500ml_thumb_2.jpg,A Powerade Fit grape mint flavor in a 500-milliliters plastic bottle,,,,,,,,,,,,,
ades_nom051_mango_ref._946ml_1000x1000.jpg,A soy-based AdeS drink with apple juice in a 946-milliliters cardboard carton,,,,,,,,,,,,,
cceth-adessoya-sa_1__2.png,A soy-based AdeS sugar free drink  in a 946-milliliters cardboard carton,,,,,,,,,,,,,
dv_manzana_200ml_full_image_1.jpg,A Del Valle 100% apple flavor fruit juice in a 100-milliliters cardboard carton,,,,,,,,,,,,,
del_valle_jugo_de_naranja_200_ml_2_1.jpg,A Del Valle 100% orange flavor fruit juice in a 100-milliliters cardboard carton,,,,,,,,,,,,,
3363.2_1.jpeg,A Fuze Tea peach flavor black tea in a 1.89-liters cardboard carton,,,,,,,,,,,,,
7501055349845_-_fanta_235_lata_lean_-_producto_nom-051_1000x1000.jpg_2__2.jpg,A Fanta orange flavor soda in a 235-milliliters  can ,,,,,,,,,,,,,
7501055367412_1.jpg,A Sidral Mundet pear flavor soda in a 2-liters plastic bottle,,,,,,,,,,,,,
750105535976_1.jpg,A Sidral Mundet sangaree flavor soda in a 600-milliliters plastic bottle,,,,,,,,,,,,,
7501055363179_1.jpg,A Sidral Mundet light apple flavor soda in a 355-milliliters  can ,,,,,,,,,,,,,
00750105535067l.jpg,A Seagrams Agua Quina water in a 235-milliliters  can ,,,,,,,,,,,,,
3385_chubby_frutales_ccsa.jpg,A Coca cola sugar free soda in a 250-milliliters plastic bottle,,,,,,,,,,,,,
baileys_original_700ml_750x500px_1.jpg,A Baileys Original whiskey cream  in a 700-milliliters glass bottle,,,,,,,,,,,,,
tanqueray_gin_750ml_750x500px_1.jpg,A Tanqueray London Grin gin  in a 750-milliliters glass bottle,,,,,,,,,,,,,
captain_morgan_700ml_750x500px_1.jpg,A Captain Morgan Spiced ron  in a 700-milliliters glass bottle,,,,,,,,,,,,,
3028401_07038_cm_white_rum_700ml_left_facing_750x500px.jpg,A Captain Morgan White ron  in a 700-milliliters glass bottle,,,,,,,,,,,,,
zacapa_23_750ml_750x500px_1.jpg,A Zacapa Solera ron  in a 750-milliliters glass bottle,,,,,,,,,,,,,
tequila_1.png,A Don Julio white tequila  in a 700-milliliters glass bottle,,,,,,,,,,,,,
product-reposado-double-_1.png,A Don Julio reposado tequila  in a 700-milliliters glass bottle,,,,,,,,,,,,,
smirnoff_21_750ml_750x500px_1.jpg,A Smirnoff vodka in a 750-milliliters glass bottle,,,,,,,,,,,,,
smirnoff_tamarindo_750ml_750x500px_1.jpg,A Smirnoff vodka in a 750-milliliters glass bottle,,,,,,,,,,,,,
black_white_700ml_750x500px_1.jpg,A Black & White scotch spirits whiskey  in a 700-milliliters glass bottle,,,,,,,,,,,,,
black_white_orange_700ml_750x500px_1.jpg,A Black & White orange spirits whiskey  in a 700-milliliters glass bottle,,,,,,,,,,,,,
buchanan_s_12_750ml_750x500px_1.jpg,A Buchanans Years whiskey in a 12-milliliters glass bottle,,,,,,,,,,,,,
johnnie_walker_red_label_700ml_750x500px_1.jpg,A Johnie Walker Red Label whiskey in a 700-milliliters glass bottle,,,,,,,,,,,,,
johnnie_walker_black_label_750ml_750x500px_1.jpg,A Johnie Walker Black Label whiskey in a 750-milliliters glass bottle,,,,,,,,,,,,,
163546.png,A Fanta pineapple flavor soda in a 600-milliliters plastic bottle,,,,,,,,,,,,,
164057.png,A Fanta pineapple flavor soda in a 3-liters plastic bottle,,,,,,,,,,,,,
vf_g.jpg,A Valle Fruit puch in a 3785-milliliters plastic bottle,,,,,,,,,,,,,
valle_frut_300ml.jpg,A Valle Fruit puch in a 300-milliliters plastic bottle,,,,,,,,,,,,,
delvalfru-manz-nor-pet-2l_1.jpg,A Del Valle Frut with apple flavor juice in a 2-liters plastic bottle,,,,,,,,,,,,,
ciel_10_l__1.jpg,A Ciel purified water  in a 10-liters plastic bottle,,,,,,,,,,,,,
00750105535068l_1.jpg,A Seagrams Ginger Ale soda in a 235-milliliters  can ,,,,,,,,,,,,,
_thumb_572537_1.png,A almond-based AdeS sugar free drink  in a 946-milliliters cardboard carton,,,,,,,,,,,,,
_thumb_572538_1.png,A almond-based AdeS sugar free drink  in a 946-milliliters cardboard carton,,,,,,,,,,,,,
ace_900_1000x1000_1.png,A Ace complete clean detergent  in a 900-grams plastic bag,,,,,,,,,,,,,
salvo_dish_500_1000x1000.png,A Salvo liquid detergent in a 500-milliliters plastic bottle,,,,,,,,,,,,,
downy_5en1_1000x1000.png,A Downy Amanecer 5 in 1 softener in a 5-milliliters plastic bottle,,,,,,,,,,,,,
downy_floral_1000x1000.png,A Downy floral softener in a 800-milliliters plastic bottle,,,,,,,,,,,,,
ariel_500_1000x1000_3.png,A Ariel double Power detergent  in a 500-grams plastic bag,,,,,,,,,,,,,
ariel_revitacolor_1000x1000_2.png,A Ariel revitalizer liquid detergent  in a 800-milliliters plastic bottle,,,,,,,,,,,,,
barra_mck_1000x1000_1.png,A Kellogg's Choco Krispis chocolate cereal bar in a 148-grams cardboard carton,,,,,,,,,,,,,
barra_extra_aran_1000x1000.png,A Kellogg's extra delice white chocolate with blueberries cereal bar in a 130-grams cardboard carton,,,,,,,,,,,,,
extra_240_1000x1000.png,A Kellogg's Extra blueberries with almonds cereal  in a 240-grams cardboard carton,,,,,,,,,,,,,
bar_extra_26g_front_1000x1000.png,A Kellogg's Extra delice choclate with peanut ceral bar  in a 130-grams cardboard carton,,,,,,,,,,,,,
barra_rk_1000x1000_1.png,A Kellogg's Rice Krispies Treats marshmallow flavor bar in a 148-grams cardboard carton,,,,,,,,,,,,,
ck_450_1000x1000.png,A Kellogg's Choco Krispis chocolate flavor cereal in a 450-grams cardboard carton,,,,,,,,,,,,,
ck_600_1000x1000_1.png,A Kellogg's Choco Krispis chocolate flavor cereal in a 600-grams cardboard carton,,,,,,,,,,,,,
cf_300_1000x1000_1.png,A Kellogg's Corn Flakes original cereal  in a 300-grams cardboard carton,,,,,,,,,,,,,
cf_465_1000x1000.png,A Kellogg's Corn Flakes original cereal  in a 465-grams cardboard carton,,,,,,,,,,,,,
zucaritas_490_1000x1000.png,A Kellogg's Zucaritas original cereal  in a 490-grams cardboard carton,,,,,,,,,,,,,
zucaritas_665_1000x1000.png,A Kellogg's Zucaritas original cereal  in a 665-grams cardboard carton,,,,,,,,,,,,,
pringles_124_1000x1000_2.png,A Pringles original chips in a 124-grams cardboard carton,,,,,,,,,,,,,
captura_5_5.png,A Fuze Tea Lemon Flavor black tea in a 2-liters plastic bottle,,,,,,,,,,,,,
monster_paradise.png,A Monster Zero Ultra Paradise flavor energized drink in a 473-milliliters  can ,,,,,,,,,,,,,
predator-lata_1.png,A Predator Energy in a 473-milliliters  can ,,,,,,,,,,,,,
costacoffee_usoprofesional-1kg_1000x1000.png,A Costa Coffe Mocha Italian Blend Tueste Medio ground cofffe in a 1-kilograms aliminum bag,,,,,,,,,,,,,
costacoffee_tostadooscuro-1kg_1000x1000.png,A Costa Coffe Mocha Italian Blend Tueste Dark ground cofffe in a 1-kilograms aliminum bag,,,,,,,,,,,,,
fresca_355_1000x1000.png,A Fresca pink grapefruit flavor soda in a 355-milliliters  can ,,,,,,,,,,,,,
fanta-naranja-pnr-1l_4.png,A Fanta orange flavor soda in a 1-liters plastic bottle,,,,,,,,,,,,,
sidralmundet_2-5l_1000x1000.png,A Sidral Mundet apple flavor soda in a 2.5-liters plastic bottle,,,,,,,,,,,,,
limonynada_1-5l_1000x1000.png,A Del Valle Limon&Nada lemon flavor mineralized water in a 1.5-liters plastic bottle,,,,,,,,,,,,,
joyaponche_600_1000x1000_2.png,A Joya fruit punch flavor soda in a 600-milliliters plastic bottle,,,,,,,,,,,,,
7501055359578_0_2.jpg,A Del Valle 100% orange flavor fruit juice in a 100-milliliters cardboard carton,,,,,,,,,,,,,
costacoffee_usoprofesional-85g_1000x1000_1_.png,A Costa Coffee Mocha Italian Blend Medium Roast Ground Coffee  in a 85-grams aliminum bag,,,,,,,,,,,,,
costacoffee_tostadooscuro-500gr_1000x1000_1__1.png,A Costa Coffee Decaffeinated Dark Roast Ground Coffee in a 500-grams aliminum bag,,,,,,,,,,,,,
costacoffee_thesignatureblend-80g_1000x1000.png,A Costa Coffee Mocha Italian Blend Tueste medium ground Coffee  in a 30-grams aliminum bag,,,,,,,,,,,,,
costacoffee_tostadooscuro-250gr_1000x1000.png,A Costa Coffee Decaffeinated Dark Roast Ground Coffee  in a 250-grams aliminum bag,,,,,,,,,,,,,
costacoffee_tostadooscuro80gr_1000x1000.png,A Costa Coffee Decaffeinated Dark Roast Ground Coffee in a 80-grams aliminum bag,,,,,,,,,,,,,
esc-manz-nor-pet-2l_4_2.jpg,A Escuis Apple Flavor soda in a 2-liters plastic bottle,,,,,,,,,,,,,
esc-manz-nor-pet-600ml_1.jpg,A Escuis Apple Flavor soda in a 600-milliliters plastic bottle,,,,,,,,,,,,,
esc-fres-nor-pet-2l_2.jpg,A Escuis Strawberry Flavor soda in a 2-liters plastic bottle,,,,,,,,,,,,,
esc-fres-nor-pet-1.5l_3.jpg,A Escuis Strawberry Flavor soda in a 1.5-liters plastic bottle,,,,,,,,,,,,,
7_501055__327959__03_1.jpg,A Escuis Strawberry Flavor soda in a 600-milliliters plastic bottle,,,,,,,,,,,,,
salvo_multiusos_900gr_40cm_1000x1000_2.png,A Salvo Multipurpose Detergent in a 900-grams plastic bag,,,,,,,,,,,,,
pringles_queso_40g.png,This is a Pringles Cheese Snack flavor chips in a 40-grams cardboard carton,,,,,,,,,,,,,
pringles_crema_y_cebolla_40g.png,This is a Pringles Cream and Onion Snack flavor chips in a 40-grams cardboard carton,,,,,,,,,,,,,
,,,,,,,,,,,,,,
,,,,,,,,,,,,,,
,,,,,,,,,,,,,,
,,,,,,,,,,,,,,
,,,,,,,,,,,,,,
,,,,,,,,,,,,,,
,,,,,,,,,,,,,,
,,,,,,,,,,,,,,
,,,,,,,,,,,,,,
,,,,,,,,,,,,,,
,,,,,,,,,,,,,,
,,,,,,,,,,,,,,
,,,,,,,,,,,,,,
,,,,,,,,,,,,,,
,,,,,,,,,,,,,,
,,,,,,,,,,,,,,
,,,,,,,,,,,,,,
,,,,,,,,,,,,,,
,,,,,,,,,,,,,,
,,,,,,,,,,,,,,
,,,,,,,,,,,,,,
,,,,,,,,,,,,,,
,,,,,,,,,,,,,,
,,,,,,,,,,,,,,
,,,,,,,,,,,,,,
,,,,,,,,,,,,,,
,,,,,,,,,,,,,,
,,,,,,,,,,,,,,
,,,,,,,,,,,,,,
,,,,,,,,,,,,,,
,,,,,,,,,,,,,,
,,,,,,,,,,,,,,
,,,,,,,,,,,,,,
,,,,,,,,,,,,,,
,,,,,,,,,,,,,,
,,,,,,,,,,,,,,
,,,,,,,,,,,,,,
,,,,,,,,,,,,,,
,,,,,,,,,,,,,,
,,,,,,,,,,,,,,
,,,,,,,,,,,,,,
,,,,,,,,,,,,,,
,,,,,,,,,,,,,,
,,,,,,,,,,,,,,
,,,,,,,,,,,,,,
,,,,,,,,,,,,,,
,,,,,,,,,,,,,,
,,,,,,,,,,,,,,
,,,,,,,,,,,,,,
,,,,,,,,,,,,,,
,,,,,,,,,,,,,,
,,,,,,,,,,,,,,
,,,,,,,,,,,,,,
,,,,,,,,,,,,,,
,,,,,,,,,,,,,,
,,,,,,,,,,,,,,
,,,,,,,,,,,,,,
,,,,,,,,,,,,,,
,,,,,,,,,,,,,,
,,,,,,,,,,,,,,
,,,,,,,,,,,,,,
,,,,,,,,,,,,,,
,,,,,,,,,,,,,,
,,,,,,,,,,,,,,
,,,,,,,,,,,,,,
,,,,,,,,,,,,,,
,,,,,,,,,,,,,,
,,,,,,,,,,,,,,
,,,,,,,,,,,,,,
,,,,,,,,,,,,,,
,,,,,,,,,,,,,,
,,,,,,,,,,,,,,
,,,,,,,,,,,,,,
,,,,,,,,,,,,,,
,,,,,,,,,,,,,,
,,,,,,,,,,,,,,
,,,,,,,,,,,,,,
,,,,,,,,,,,,,,
,,,,,,,,,,,,,,
,,,,,,,,,,,,,,
,,,,,,,,,,,,,,
,,,,,,,,,,,,,,
,,,,,,,,,,,,,,
,,,,,,,,,,,,,,
,,,,,,,,,,,,,,
,,,,,,,,,,,,,,
,,,,,,,,,,,,,,
,,,,,,,,,,,,,,
,,,,,,,,,,,,,,
,,,,,,,,,,,,,,
,,,,,,,,,,,,,,
,,,,,,,,,,,,,,
,,,,,,,,,,,,,,
,,,,,,,,,,,,,,
,,,,,,,,,,,,,,
,,,,,,,,,,,,,,
,,,,,,,,,,,,,,
,,,,,,,,,,,,,,
,,,,,,,,,,,,,,
,,,,,,,,,,,,,,
,,,,,,,,,,,,,,
,,,,,,,,,,,,,,
,,,,,,,,,,,,,,
,,,,,,,,,,,,,,
,,,,,,,,,,,,,,
,,,,,,,,,,,,,,
,,,,,,,,,,,,,,
,,,,,,,,,,,,,,
,,,,,,,,,,,,,,
,,,,,,,,,,,,,,
,,,,,,,,,,,,,,
,,,,,,,,,,,,,,
,,,,,,,,,,,,,,
,,,,,,,,,,,,,,
,,,,,,,,,,,,,,
,,,,,,,,,,,,,,
,,,,,,,,,,,,,,
,,,,,,,,,,,,,,
,,,,,,,,,,,,,,
,,,,,,,,,,,,,,
,,,,,,,,,,,,,,
,,,,,,,,,,,,,,
,,,,,,,,,,,,,,
,,,,,,,,,,,,,,
,,,,,,,,,,,,,,
,,,,,,,,,,,,,,
,,,,,,,,,,,,,,
,,,,,,,,,,,,,,
,,,,,,,,,,,,,,
,,,,,,,,,,,,,,
,,,,,,,,,,,,,,
,,,,,,,,,,,,,,
,,,,,,,,,,,,,,
,,,,,,,,,,,,,,
,,,,,,,,,,,,,,
,,,,,,,,,,,,,,
,,,,,,,,,,,,,,
,,,,,,,,,,,,,,
,,,,,,,,,,,,,,
,,,,,,,,,,,,,,
,,,,,,,,,,,,,,
,,,,,,,,,,,,,,
,,,,,,,,,,,,,,
,,,,,,,,,,,,,,
,,,,,,,,,,,,,,
,,,,,,,,,,,,,,
,,,,,,,,,,,,,,
,,,,,,,,,,,,,,
,,,,,,,,,,,,,,
,,,,,,,,,,,,,,
,,,,,,,,,,,,,,
,,,,,,,,,,,,,,
,,,,,,,,,,,,,,
,,,,,,,,,,,,,,
,,,,,,,,,,,,,,
,,,,,,,,,,,,,,
,,,,,,,,,,,,,,
,,,,,,,,,,,,,,
,,,,,,,,,,,,,,
,,,,,,,,,,,,,,
,,,,,,,,,,,,,,
,,,,,,,,,,,,,,
,,,,,,,,,,,,,,
,,,,,,,,,,,,,,
,,,,,,,,,,,,,,
,,,,,,,,,,,,,,
,,,,,,,,,,,,,,
,,,,,,,,,,,,,,
,,,,,,,,,,,,,,
,,,,,,,,,,,,,,
,,,,,,,,,,,,,,
,,,,,,,,,,,,,,
,,,,,,,,,,,,,,
,,,,,,,,,,,,,,
,,,,,,,,,,,,,,
,,,,,,,,,,,,,,
,,,,,,,,,,,,,,
,,,,,,,,,,,,,,
,,,,,,,,,,,,,,
,,,,,,,,,,,,,,
,,,,,,,,,,,,,,
,,,,,,,,,,,,,,
,,,,,,,,,,,,,,
,,,,,,,,,,,,,,
,,,,,,,,,,,,,,
,,,,,,,,,,,,,,
,,,,,,,,,,,,,,
,,,,,,,,,,,,,,
,,,,,,,,,,,,,,
,,,,,,,,,,,,,,
,,,,,,,,,,,,,,
,,,,,,,,,,,,,,
,,,,,,,,,,,,,,
,,,,,,,,,,,,,,
,,,,,,,,,,,,,,
,,,,,,,,,,,,,,
,,,,,,,,,,,,,,
,,,,,,,,,,,,,,
,,,,,,,,,,,,,,
,,,,,,,,,,,,,,
,,,,,,,,,,,,,,
,,,,,,,,,,,,,,
,,,,,,,,,,,,,,
,,,,,,,,,,,,,,
,,,,,,,,,,,,,,
,,,,,,,,,,,,,,
,,,,,,,,,,,,,,
,,,,,,,,,,,,,,
,,,,,,,,,,,,,,
,,,,,,,,,,,,,,
,,,,,,,,,,,,,,
,,,,,,,,,,,,,,
,,,,,,,,,,,,,,
,,,,,,,,,,,,,,
,,,,,,,,,,,,,,
,,,,,,,,,,,,,,
,,,,,,,,,,,,,,
,,,,,,,,,,,,,,
,,,,,,,,,,,,,,
,,,,,,,,,,,,,,
,,,,,,,,,,,,,,
,,,,,,,,,,,,,,
,,,,,,,,,,,,,,
,,,,,,,,,,,,,,
,,,,,,,,,,,,,,
,,,,,,,,,,,,,,
,,,,,,,,,,,,,,
,,,,,,,,,,,,,,
,,,,,,,,,,,,,,
,,,,,,,,,,,,,,
,,,,,,,,,,,,,,
,,,,,,,,,,,,,,
,,,,,,,,,,,,,,
,,,,,,,,,,,,,,
,,,,,,,,,,,,,,
,,,,,,,,,,,,,,
,,,,,,,,,,,,,,
,,,,,,,,,,,,,,
,,,,,,,,,,,,,,
,,,,,,,,,,,,,,
,,,,,,,,,,,,,,
,,,,,,,,,,,,,,
,,,,,,,,,,,,,,
,,,,,,,,,,,,,,
,,,,,,,,,,,,,,
,,,,,,,,,,,,,,
,,,,,,,,,,,,,,
,,,,,,,,,,,,,,
,,,,,,,,,,,,,,
,,,,,,,,,,,,,,
,,,,,,,,,,,,,,
,,,,,,,,,,,,,,
,,,,,,,,,,,,,,
,,,,,,,,,,,,,,
,,,,,,,,,,,,,,
,,,,,,,,,,,,,,
,,,,,,,,,,,,,,
,,,,,,,,,,,,,,
,,,,,,,,,,,,,,
,,,,,,,,,,,,,,
,,,,,,,,,,,,,,
,,,,,,,,,,,,,,
,,,,,,,,,,,,,,
,,,,,,,,,,,,,,
,,,,,,,,,,,,,,
,,,,,,,,,,,,,,
,,,,,,,,,,,,,,
,,,,,,,,,,,,,,
,,,,,,,,,,,,,,
,,,,,,,,,,,,,,
,,,,,,,,,,,,,,
,,,,,,,,,,,,,,
,,,,,,,,,,,,,,
,,,,,,,,,,,,,,
,,,,,,,,,,,,,,
,,,,,,,,,,,,,,
,,,,,,,,,,,,,,
,,,,,,,,,,,,,,
,,,,,,,,,,,,,,
,,,,,,,,,,,,,,
,,,,,,,,,,,,,,
,,,,,,,,,,,,,,
,,,,,,,,,,,,,,
,,,,,,,,,,,,,,
,,,,,,,,,,,,,,
,,,,,,,,,,,,,,
,,,,,,,,,,,,,,
,,,,,,,,,,,,,,
,,,,,,,,,,,,,,
,,,,,,,,,,,,,,
,,,,,,,,,,,,,,
,,,,,,,,,,,,,,
,,,,,,,,,,,,,,
,,,,,,,,,,,,,,
,,,,,,,,,,,,,,
,,,,,,,,,,,,,,
,,,,,,,,,,,,,,
,,,,,,,,,,,,,,
,,,,,,,,,,,,,,
,,,,,,,,,,,,,,
,,,,,,,,,,,,,,
,,,,,,,,,,,,,,
,,,,,,,,,,,,,,
,,,,,,,,,,,,,,
,,,,,,,,,,,,,,
,,,,,,,,,,,,,,
,,,,,,,,,,,,,,
,,,,,,,,,,,,,,
,,,,,,,,,,,,,,
,,,,,,,,,,,,,,
,,,,,,,,,,,,,,
,,,,,,,,,,,,,,
,,,,,,,,,,,,,,
,,,,,,,,,,,,,,
,,,,,,,,,,,,,,
,,,,,,,,,,,,,,
,,,,,,,,,,,,,,
,,,,,,,,,,,,,,
,,,,,,,,,,,,,,
,,,,,,,,,,,,,,
,,,,,,,,,,,,,,
,,,,,,,,,,,,,,
,,,,,,,,,,,,,,
,,,,,,,,,,,,,,
,,,,,,,,,,,,,,
,,,,,,,,,,,,,,
,,,,,,,,,,,,,,
,,,,,,,,,,,,,,
,,,,,,,,,,,,,,
,,,,,,,,,,,,,,
,,,,,,,,,,,,,,
,,,,,,,,,,,,,,
,,,,,,,,,,,,,,
,,,,,,,,,,,,,,
,,,,,,,,,,,,,,
,,,,,,,,,,,,,,
,,,,,,,,,,,,,,
,,,,,,,,,,,,,,
,,,,,,,,,,,,,,
,,,,,,,,,,,,,,
,,,,,,,,,,,,,,
,,,,,,,,,,,,,,
,,,,,,,,,,,,,,
,,,,,,,,,,,,,,
,,,,,,,,,,,,,,
,,,,,,,,,,,,,,
,,,,,,,,,,,,,,
,,,,,,,,,,,,,,
,,,,,,,,,,,,,,
,,,,,,,,,,,,,,
,,,,,,,,,,,,,,
,,,,,,,,,,,,,,
,,,,,,,,,,,,,,
,,,,,,,,,,,,,,
,,,,,,,,,,,,,,
,,,,,,,,,,,,,,
,,,,,,,,,,,,,,
,,,,,,,,,,,,,,
,,,,,,,,,,,,,,
,,,,,,,,,,,,,,
,,,,,,,,,,,,,,
,,,,,,,,,,,,,,
,,,,,,,,,,,,,,
,,,,,,,,,,,,,,
,,,,,,,,,,,,,,
,,,,,,,,,,,,,,
,,,,,,,,,,,,,,
,,,,,,,,,,,,,,
,,,,,,,,,,,,,,
,,,,,,,,,,,,,,
,,,,,,,,,,,,,,
,,,,,,,,,,,,,,
,,,,,,,,,,,,,,
,,,,,,,,,,,,,,
,,,,,,,,,,,,,,
,,,,,,,,,,,,,,
,,,,,,,,,,,,,,
,,,,,,,,,,,,,,
,,,,,,,,,,,,,,
,,,,,,,,,,,,,,
,,,,,,,,,,,,,,
,,,,,,,,,,,,,,
,,,,,,,,,,,,,,
,,,,,,,,,,,,,,
,,,,,,,,,,,,,,
,,,,,,,,,,,,,,
,,,,,,,,,,,,,,
,,,,,,,,,,,,,,
,,,,,,,,,,,,,,
